cluster_id,edge,both_done,ddg,tier,complex_dG,complex_mapper,solvent_dG,solvent_mapper
110,rbfe_OADMET-0006503_OCNT-2317296,False,,incomplete,,,,
118,rbfe_OCNT-2310728_OADMET-0006495,True,-1.5643003354778955,tier1_kartograf,134.6714320200677,kartograf,136.2357323555456,kartograf
129,rbfe_OADMET-0006484_OCNT-2317528,True,9.437925515955907,tier1_kartograf,-27.655325851039432,kartograf,-37.09325136699534,kartograf
136,rbfe_OCNT-2317556_OADMET-0006476,False,,incomplete,,,-85.16533703294994,kartograf
138,rbfe_OCNT-2309230_OADMET-0006474,True,2.121994615052486,tier1_kartograf,65.36349125720174,kartograf,63.24149664214926,kartograf
139,rbfe_OADMET-0006506_OADMET-0006433,True,1.6289033096343903,tier1_kartograf,16.02786189002251,kartograf,14.39895858038812,kartograf
139,rbfe_OADMET-0006609_OADMET-0006209,True,1.8660028896859444,tier1_kartograf,-85.93831977890726,kartograf,-87.8043226685932,kartograf
139,rbfe_OADMET-0006609_OADMET-0006213,True,3.815636823396341,tier1_kartograf,-9.060115541702531,kartograf,-12.875752365098872,kartograf
139,rbfe_OADMET-0006609_OADMET-0006433,True,-0.7750593795086345,tier1_kartograf,3.413940171937988,kartograf,4.1889995514466225,kartograf
139,rbfe_OADMET-0006609_OADMET-0006472,True,-4.603743209440977,tier1_kartograf,-10.94305828634102,kartograf,-6.339315076900044,kartograf
139,rbfe_OADMET-0006609_OCNT-2313188,True,-9.498883061713784,tier1_kartograf,-11.596087784118978,kartograf,-2.0972047224051944,kartograf
146,rbfe_OADMET-0006465_OCNT-2311117,True,-15.058627834358273,tier1_kartograf,-31.015816312940164,kartograf,-15.957188478581891,kartograf
147,rbfe_OADMET-0006464_OCNT-2317682,True,1.4395965269709023,tier1_kartograf,92.8505443711874,kartograf,91.4109478442165,kartograf
156,rbfe_OADMET-0006455_OCNT-2312239,False,,incomplete,,,92.2439470971319,kartograf
167,rbfe_OADMET-0006443_OCNT-2310646,False,,incomplete,,,,
169,rbfe_OADMET-0006469_OCNT-2315366,False,,incomplete,,,46.302670039595995,kartograf
169,rbfe_OADMET-0006580_OCNT-2315366,False,,incomplete,,,6.094060719552549,kartograf
169,rbfe_OCNT-2315366_OADMET-0006441,False,,incomplete,,,-86.23078295446615,kartograf
171,rbfe_OCNT-2312559_OADMET-0006439,True,-9.130079416719987,tier1_kartograf,-51.56663103656633,kartograf,-42.43655161984634,kartograf
178,rbfe_OCNT-2317556_OADMET-0006432,False,,incomplete,,,45.66263560328188,kartograf
188,rbfe_OADMET-0006417_OADMET-0006293,True,3.2574556283762526,tier1_kartograf,-23.69431572789757,kartograf,-26.951771356273824,kartograf
188,rbfe_OADMET-0006421_OADMET-0006417,True,0.942817056433089,tier1_kartograf,-0.49581936377837577,kartograf,-1.4386364202114648,kartograf
188,rbfe_OADMET-0006434_OADMET-0006417,True,1.4690447937344224,tier1_kartograf,13.305044228650136,kartograf,11.835999434915713,kartograf
188,rbfe_OADMET-0006486_OADMET-0006422,True,3.709561382224015,tier1_kartograf,17.41197544284027,kartograf,13.702414060616254,kartograf
188,rbfe_OADMET-0006487_OADMET-0006293,True,3.4248906033012503,tier1_kartograf,-32.608718751589514,kartograf,-36.033609354890764,kartograf
188,rbfe_OADMET-0006487_OADMET-0006422,True,2.0684514329513206,tier1_kartograf,-16.276609646317556,kartograf,-18.345061079268877,kartograf
188,rbfe_OADMET-0006549_OADMET-0006417,True,-1.2940580868725533,tier1_kartograf,48.55860281648686,kartograf,49.852660903359414,kartograf
188,rbfe_OADMET-0006592_OADMET-0006417,True,-2.2954752148826003,tier1_kartograf,12.867384469799754,kartograf,15.162859684682354,kartograf
188,rbfe_OCNT-2311393_OADMET-0006422,True,3.4574922471728335,tier1_kartograf,11.199111398427656,kartograf,7.741619151254822,kartograf
191,rbfe_OADMET-0006521_OADMET-0006419,False,,incomplete,,,24.022002773027967,kartograf
191,rbfe_OADMET-0006521_OCNT-1965882,False,,incomplete,,,18.88070815415036,kartograf
195,rbfe_OADMET-0006415_OCNT-2309628,True,-2.183146083258883,tier1_kartograf,49.528124711472216,kartograf,51.7112707947311,kartograf
196,rbfe_OADMET-0006414_OCNT-2308748,True,2.728431947193859,tier1_kartograf,5.357191298567803,kartograf,2.628759351373944,kartograf
197,rbfe_OADMET-0006413_OCNT-2317298,True,-0.24705190053433057,tier1_kartograf,133.91266145532165,kartograf,134.15971335585598,kartograf
21,rbfe_OCNT-2309356_OADMET-0006596,True,4.580836880539723,tier1_kartograf,8.68854343404611,kartograf,4.107706553506388,kartograf
228,rbfe_OADMET-0006379_OCNT-2308873,False,,incomplete,,,20.278652804811927,kartograf
229,rbfe_OADMET-0006378_OCNT-2317222,False,,incomplete,,,19.133238572317406,kartograf
232,rbfe_OADMET-0006374_OADMET-0006395,True,1.4492992697985585,tier1_kartograf,-247.45834159832276,kartograf,-248.90764086812132,kartograf
232,rbfe_OADMET-0006442_OADMET-0006374,True,-0.8707514057280363,tier1_kartograf,26.481399107145975,kartograf,27.35215051287401,kartograf
232,rbfe_OADMET-0006442_OCNT-2309628,True,-4.477273457434192,tier1_kartograf,10.49771302873466,kartograf,14.974986486168852,kartograf
232,rbfe_OADMET-0006499_OCNT-2309628,True,2.9793993658386357,tier1_kartograf,-7.345707893142563,kartograf,-10.325107258981198,kartograf
232,rbfe_OADMET-0006600_OADMET-0006374,True,-2.5078171198927706,tier1_kartograf,26.446563820259982,kartograf,28.954380940152753,kartograf
237,rbfe_OADMET-0006369_OCNT-2309356,False,,incomplete,,,14.116101288166576,kartograf
237,rbfe_OCNT-2309356_OADMET-0006604,False,,incomplete,,,-34.03877402776749,kartograf
238,rbfe_OADMET-0006368_OADMET-0004676,False,,incomplete,,,38.951285936433166,kartograf
238,rbfe_OADMET-0006368_OADMET-0006140,False,,incomplete,,,49.17618207317407,kartograf
238,rbfe_OADMET-0006430_OADMET-0004676,False,,incomplete,,,31.232822101769752,kartograf
238,rbfe_OADMET-0006617_OCNT-2314792,False,,incomplete,,,-48.74751633414982,kartograf
238,rbfe_OCNT-2309868_OCNT-2314792,False,,incomplete,,,-41.73641010648795,kartograf
238,rbfe_OCNT-2314792_OADMET-0006117,False,,incomplete,,,56.32471057852848,kartograf
238,rbfe_OCNT-2314792_OADMET-0006285,False,,incomplete,,,,
238,rbfe_OCNT-2314792_OADMET-0006294,False,,incomplete,,,104.9453251633369,kartograf
238,rbfe_OCNT-2314792_OADMET-0006430,False,,incomplete,,,,
238,rbfe_OCNT-2314792_OADMET-0006445,False,,incomplete,,,-47.406346231658596,kartograf
255,rbfe_OADMET-0006351_OCNT-2315472,True,-5.8178170638588735,tier1_kartograf,8.186085358028087,kartograf,14.003902421886961,kartograf
256,rbfe_OADMET-0006564_OADMET-0006160,True,-1.4929441241815127,tier1_kartograf,19.454447784338527,kartograf,20.94739190852004,kartograf
256,rbfe_OADMET-0006564_OADMET-0006301,True,-3.7583864722608515,tier1_kartograf,-3.188880283996744,kartograf,0.5695061882641074,kartograf
256,rbfe_OADMET-0006564_OADMET-0006350,True,3.4823191299148455,tier1_kartograf,-17.33181957579155,kartograf,-20.814138705706394,kartograf
256,rbfe_OADMET-0006564_OADMET-0006494,True,2.683827094508371,tier1_kartograf,-6.896677968373349,kartograf,-9.58050506288172,kartograf
256,rbfe_OADMET-0006564_OADMET-0006555,True,-4.346178172417137,tier1_kartograf,-18.695237894709184,kartograf,-14.349059722292047,kartograf
256,rbfe_OADMET-0006578_OADMET-0006564,True,-0.30872530942040033,tier1_kartograf,-7.969450244264423,kartograf,-7.660724934844023,kartograf
256,rbfe_OCNT-2317222_OADMET-0006311,True,1.070621462293654,tier1_kartograf,2.2863216799629105,kartograf,1.2157002176692564,kartograf
256,rbfe_OCNT-2317222_OADMET-0006494,True,2.6673447335882425,tier1_kartograf,-8.946159362635418,kartograf,-11.61350409622366,kartograf
258,rbfe_OCNT-2318616_OADMET-0006348,False,,incomplete,,,162.32084977430483,kartograf
259,rbfe_OADMET-0006381_OADMET-0006347,True,0.5921703721042917,tier1_kartograf,-12.316936033795976,kartograf,-12.909106405900268,kartograf
259,rbfe_OADMET-0006418_OADMET-0006339,True,-5.552910018613119,tier1_kartograf,135.3853196752069,kartograf,140.93822969382,kartograf
259,rbfe_OADMET-0006418_OADMET-0006381,True,-1.4163876535287443,tier1_kartograf,183.0502157953656,kartograf,184.46660344889435,kartograf
259,rbfe_OADMET-0006456_OADMET-0006124,True,-5.327542847200445,tier1_kartograf,-5.9673958264255,kartograf,-0.639852979225055,kartograf
259,rbfe_OADMET-0006456_OADMET-0006177,True,-4.299137900840165,tier1_kartograf,71.18322880928704,kartograf,75.48236671012721,kartograf
259,rbfe_OADMET-0006456_OADMET-0006347,True,-3.9880161510510828,tier1_kartograf,-8.802390063312972,kartograf,-4.814373912261889,kartograf
259,rbfe_OADMET-0006456_OADMET-0006438,True,-11.137321156530982,tier1_kartograf,13.451808994360023,kartograf,24.589130150891005,kartograf
259,rbfe_OADMET-0006457_OADMET-0006456,True,2.271177697497606,tier1_kartograf,-47.554785015774286,kartograf,-49.82596271327189,kartograf
259,rbfe_OADMET-0006529_OADMET-0006173,True,0.46716416780636116,tier1_kartograf,12.917398912542634,kartograf,12.450234744736273,kartograf
259,rbfe_OADMET-0006529_OADMET-0006347,True,1.703847114624395,tier1_kartograf,-19.746160657142212,kartograf,-21.450007771766607,kartograf
259,rbfe_OADMET-0006550_OADMET-0006418,True,-1.6146650828015652,tier1_kartograf,-97.64813759809175,kartograf,-96.03347251529019,kartograf
259,rbfe_OADMET-0006572_OADMET-0006456,True,13.088166247303985,tier1_kartograf,16.919061209010525,kartograf,3.8308949617065404,kartograf
259,rbfe_OCNT-2308531_OADMET-0006438,True,-2.8689787959177195,tier1_kartograf,36.39596861128315,kartograf,39.26494740720087,kartograf
259,rbfe_OCNT-2309356_OADMET-0006456,True,4.767164777159097,tier1_kartograf,-1.1445882274063672,kartograf,-5.9117530045654645,kartograf
259,rbfe_OCNT-2310934_OADMET-0006456,True,-1.763412562540104,tier1_kartograf,22.68647798215079,kartograf,24.449890544690895,kartograf
265,rbfe_OCNT-2313188_OADMET-0006341,False,,incomplete,,,-10.88026568784003,kartograf
269,rbfe_OCNT-2315653_OADMET-0006337,True,-3.6753141227258226,tier1_kartograf,122.4460543675422,kartograf,126.12136849026803,kartograf
269,rbfe_OCNT-2315653_OADMET-0006346,True,1.6144600603350625,tier1_kartograf,70.50142423734235,kartograf,68.88696417700729,kartograf
273,rbfe_OADMET-0006338_OADMET-0006512,True,1.873741632518275,tier1_kartograf,57.78940279442061,kartograf,55.915661161902335,kartograf
273,rbfe_OADMET-0006479_OADMET-0006315,False,,incomplete,,,,
273,rbfe_OADMET-0006512_OADMET-0006333,True,-2.9761674898975743,tier1_kartograf,-2.8031255694080177,kartograf,0.17304192048955647,kartograf
273,rbfe_OADMET-0006512_OADMET-0006479,True,-2.7538735339833487,tier1_kartograf,-20.378943843683672,kartograf,-17.625070309700323,kartograf
273,rbfe_OCNT-2315483_OADMET-0006479,True,2.1901517899427603,tier1_kartograf,75.99152156235786,kartograf,73.8013697724151,kartograf
277,rbfe_OADMET-0006322_OADMET-0006126,False,,incomplete,,,14.820986976391154,kartograf
277,rbfe_OADMET-0006329_OADMET-0006316,False,,incomplete,,,59.1676285156402,kartograf
277,rbfe_OADMET-0006519_OCNT-2318155,False,,incomplete,,,-11.255044292413674,kartograf
277,rbfe_OADMET-0006560_OADMET-0006509,False,,incomplete,,,-6.220775838601064,kartograf
277,rbfe_OCNT-2318155_OADMET-0006127,False,,incomplete,,,,
277,rbfe_OCNT-2318155_OADMET-0006214,False,,incomplete,,,28.895214385865845,kartograf
277,rbfe_OCNT-2318155_OADMET-0006322,False,,incomplete,,,0.035354095008285624,kartograf
277,rbfe_OCNT-2318155_OADMET-0006329,False,,incomplete,,,-18.54647200699255,kartograf
277,rbfe_OCNT-2318155_OADMET-0006509,False,,incomplete,,,0.5629534901594992,kartograf
277,rbfe_OCNT-2318155_OCNT-2318048,False,,incomplete,,,13.625037642681143,kartograf
28,rbfe_OADMET-0006589_OCNT-2309025,False,,incomplete,,,82.9603639020862,kartograf
289,rbfe_OADMET-0006317_OADMET-0006211,True,4.728113704946679,tier1_kartograf,187.10752156162604,kartograf,182.37940785667936,kartograf
289,rbfe_OADMET-0006380_OADMET-0006136,True,4.853384363573909,tier1_kartograf,61.08265662723348,kartograf,56.229272263659574,kartograf
289,rbfe_OADMET-0006380_OADMET-0006162,True,3.8535843638904375,tier1_kartograf,25.01749266755678,kartograf,21.163908303666343,kartograf
289,rbfe_OADMET-0006380_OADMET-0006211,True,3.7225887901642665,tier1_kartograf,70.97082457158997,kartograf,67.2482357814257,kartograf
289,rbfe_OADMET-0006384_OADMET-0006332,True,-1.423816556011026,tier1_kartograf,22.350962224134555,kartograf,23.77477878014558,kartograf
289,rbfe_OADMET-0006407_OADMET-0006211,True,1.950069966792995,tier1_kartograf,102.00389848529056,kartograf,100.05382851849757,kartograf
289,rbfe_OADMET-0006407_OADMET-0006332,True,-2.8841776119282514,tier1_kartograf,45.94506208554818,kartograf,48.82923969747643,kartograf
289,rbfe_OADMET-0006446_OADMET-0006380,True,-0.7457250990304551,tier1_kartograf,-21.53672821257157,kartograf,-20.791003113541116,kartograf
289,rbfe_OADMET-0006450_OADMET-0006380,False,,incomplete,,,-13.51701673908032,kartograf
289,rbfe_OCNT-2317314_OADMET-0006211,True,7.002373916745967,tier1_kartograf,255.55976796559398,kartograf,248.557394048848,kartograf
297,rbfe_OADMET-0006309_OCNT-2311752,True,-2.2983405553224827,tier1_kartograf,-79.42740625506754,kartograf,-77.12906569974506,kartograf
30,rbfe_OCNT-2310554_OADMET-0006587,True,0.28954423439239463,tier1_kartograf,-19.059880074276563,kartograf,-19.349424308668958,kartograf
309,rbfe_OADMET-0006325_OADMET-0006297,True,-0.31217188391863004,tier1_kartograf,-39.30869985558042,kartograf,-38.99652797166179,kartograf
309,rbfe_OADMET-0006383_OADMET-0006297,True,0.25175452506781326,tier1_kartograf,-22.947994995645946,kartograf,-23.19974952071376,kartograf
309,rbfe_OADMET-0006383_OCNT-2315653,True,3.8052197858432493,tier1_kartograf,-97.30797035190622,kartograf,-101.11319013774947,kartograf
310,rbfe_OADMET-0006161_OADMET-0006119,True,5.318615517207789,tier1_kartograf,63.773228237294354,kartograf,58.454612720086566,kartograf
310,rbfe_OADMET-0006296_OADMET-0006119,True,1.5429615503426177,tier1_kartograf,30.395349385108553,kartograf,28.852387834765935,kartograf
310,rbfe_OADMET-0006304_OADMET-0006161,True,-0.6808663514315327,tier1_kartograf,-90.50546938098961,kartograf,-89.82460302955808,kartograf
310,rbfe_OADMET-0006304_OADMET-0006234,True,-5.8535211166581576,tier1_kartograf,-105.02695272805013,kartograf,-99.17343161139198,kartograf
310,rbfe_OADMET-0006304_OADMET-0006386,True,0.14675548614046363,tier1_kartograf,-98.62877000842161,kartograf,-98.77552549456207,kartograf
310,rbfe_OADMET-0006409_OADMET-0006304,True,-2.0916878100449168,tier1_kartograf,89.345025312116,kartograf,91.43671312216091,kartograf
310,rbfe_OADMET-0006531_OADMET-0006119,True,6.21249608498286,tier1_kartograf,49.974465754752906,kartograf,43.761969669770046,kartograf
310,rbfe_OADMET-0006581_OADMET-0006304,True,3.9772529682173996,tier1_kartograf,105.53371500114692,kartograf,101.55646203292952,kartograf
310,rbfe_OCNT-2308748_OADMET-0006119,True,4.724981315303019,tier1_kartograf,-22.41976163412408,kartograf,-27.144742949427098,kartograf
311,rbfe_OADMET-0006109_OADMET-0006107,False,,incomplete,,,-105.42695260721042,kartograf
311,rbfe_OADMET-0006397_OADMET-0006107,False,,incomplete,,,-91.80706962225314,kartograf
311,rbfe_OADMET-0006397_OADMET-0006295,False,,incomplete,,,-34.30857816988223,kartograf
311,rbfe_OADMET-0006397_OADMET-0006314,False,,incomplete,,,19.99749476021917,kartograf
311,rbfe_OADMET-0006423_OADMET-0006109,False,,incomplete,,,-3.4521699103384167,kartograf
311,rbfe_OADMET-0006516_OADMET-0006314,False,,incomplete,,,46.48041886062754,kartograf
311,rbfe_OADMET-0006575_OADMET-0006178,False,,incomplete,,,-6.836850819597057,kartograf
311,rbfe_OADMET-0006575_OADMET-0006423,False,,incomplete,,,-3.8779900341322677,kartograf
311,rbfe_OCNT-2315209_OADMET-0006178,False,,incomplete,,,-40.049150534903085,kartograf
317,rbfe_OADMET-0006353_OADMET-0006526,True,-1.7500777015868465,tier1_kartograf,-79.99303587152933,kartograf,-78.24295816994248,kartograf
317,rbfe_OADMET-0006526_OADMET-0006289,True,-2.818974469129108,tier1_kartograf,13.825329001925242,kartograf,16.64430347105435,kartograf
317,rbfe_OADMET-0006571_OADMET-0006353,True,4.5891570787108975,tier1_kartograf,88.14902926569236,kartograf,83.55987218698147,kartograf
317,rbfe_OCNT-2312865_OADMET-0006353,True,4.14502118920948,tier1_kartograf,40.694678061911844,kartograf,36.549656872702364,kartograf
323,rbfe_OADMET-0006283_OCNT-2317888,True,0.07171239521458794,tier1_kartograf,15.722030782015452,kartograf,15.650318386800864,kartograf
331,rbfe_OADMET-0006292_OADMET-0006275,False,,incomplete,,,11.491734820748203,kartograf
331,rbfe_OADMET-0006292_OADMET-0006288,False,,incomplete,,,5.757675846346202,kartograf
331,rbfe_OADMET-0006318_OADMET-0006288,False,,incomplete,,,-1.1864547076988492,kartograf
331,rbfe_OADMET-0006385_OADMET-0006292,False,,incomplete,,,-1.6049725840004065,kartograf
331,rbfe_OADMET-0006385_OADMET-0006306,False,,incomplete,,,1.5577681364410074,kartograf
331,rbfe_OADMET-0006401_OADMET-0006208,False,,incomplete,,,-31.009003319885316,kartograf
331,rbfe_OADMET-0006525_OADMET-0006292,False,,incomplete,,,41.211351399208844,kartograf
331,rbfe_OADMET-0006525_OADMET-0006401,False,,incomplete,,,6.929133023512689,kartograf
331,rbfe_OADMET-0006547_OADMET-0006525,False,,incomplete,,,-35.362966143369256,kartograf
331,rbfe_OCNT-2309093_OADMET-0006292,False,,incomplete,,,,
331,rbfe_OCNT-2312122_OADMET-0006525,False,,incomplete,,,-45.020257557126975,kartograf
331,rbfe_OCNT-2318111_OADMET-0006275,False,,incomplete,,,1.8414926311691084,kartograf
349,rbfe_OADMET-0006256_OCNT-2309093,True,0.9404136796188318,tier1_kartograf,27.070454992633607,kartograf,26.130041313014775,kartograf
350,rbfe_OCNT-2311573_OADMET-0006255,False,,incomplete,,,,
352,rbfe_OCNT-2309025_OADMET-0006252,False,,incomplete,,,28.096621490942777,kartograf
359,rbfe_OCNT-2318184_OADMET-0006245,True,0.0039908261097982844,tier1_kartograf,5.661893342605347,kartograf,5.6579025164955485,kartograf
362,rbfe_OCNT-2317538_OADMET-0006242,True,4.190249539177864,tier1_kartograf,9.7978996294635,kartograf,5.607650090285635,kartograf
362,rbfe_OCNT-2317538_OADMET-0006321,True,3.5214631530574003,tier1_kartograf,3.907601926422484,kartograf,0.38613877336508373,kartograf
362,rbfe_OCNT-2317538_OADMET-0006357,True,-1.5945738073793319,tier1_kartograf,14.576504603941585,kartograf,16.171078411320917,kartograf
363,rbfe_OADMET-0006354_OADMET-0006241,False,,incomplete,,,-46.60734210687491,kartograf
363,rbfe_OADMET-0006354_OADMET-0006426,False,,incomplete,,,-2.9027937004388287,kartograf
363,rbfe_OADMET-0006354_OADMET-0006528,False,,incomplete,,,-18.157495631854207,kartograf
363,rbfe_OADMET-0006354_OCNT-2318074,False,,incomplete,,,-26.59606141668604,kartograf
372,rbfe_OADMET-0006520_OADMET-0006232,True,3.942823076719449,tier1_kartograf,-6.927385307573058,kartograf,-10.870208384292507,kartograf
372,rbfe_OADMET-0006520_OCNT-2316441,True,-2.8689367832746875,tier1_kartograf,12.419248730056069,kartograf,15.288185513330756,kartograf
372,rbfe_OADMET-0006612_OADMET-0006232,True,-1.86386229759402,tier1_kartograf,-0.6181761125959915,kartograf,1.2456861849980285,kartograf
373,rbfe_OADMET-0006481_OADMET-0006231,False,,incomplete,,,1.460694442948741,kartograf
373,rbfe_OADMET-0006489_OADMET-0006481,False,,incomplete,,,16.808962838159424,kartograf
373,rbfe_OADMET-0006491_OADMET-0006493,False,,incomplete,,,-0.11540689139500174,kartograf
373,rbfe_OADMET-0006493_OADMET-0006231,False,,incomplete,,,1.7309496265267998,kartograf
373,rbfe_OADMET-0006493_OADMET-0006235,False,,incomplete,,,-0.5459976254497895,kartograf
373,rbfe_OADMET-0006493_OADMET-0006428,True,7.9091001692790375,tier1_kartograf,6.415511836457401,kartograf,-1.493588332821637,kartograf
373,rbfe_OADMET-0006493_OADMET-0006485,False,,incomplete,,,-3.912089435427176,kartograf
373,rbfe_OADMET-0006493_OCNT-2311117,False,,incomplete,,,-6.962747160539013,kartograf
373,rbfe_OADMET-0006497_OADMET-0006493,True,-2.097053455564712,tier1_kartograf,42.65279415654692,kartograf,44.74984761211163,kartograf
374,rbfe_OCNT-2317222_OADMET-0006230,False,,incomplete,,,18.987141468970854,kartograf
378,rbfe_OADMET-0006226_OCNT-2309591,False,,incomplete,,,159.04207242913748,kartograf
382,rbfe_OADMET-0006220_OCNT-2317556,True,7.783868021367411,tier1_kartograf,-66.27966873564748,kartograf,-74.06353675701489,kartograf
383,rbfe_OADMET-0006507_OADMET-0006219,False,,incomplete,,,138.13432724436709,kartograf
383,rbfe_OADMET-0006511_OADMET-0006360,False,,incomplete,,,118.91870238486014,kartograf
383,rbfe_OADMET-0006511_OADMET-0006468,False,,incomplete,,,11.653783545757326,kartograf
383,rbfe_OADMET-0006511_OADMET-0006507,False,,incomplete,,,-8.877028446227168,kartograf
383,rbfe_OADMET-0006523_OADMET-0006360,False,,incomplete,,,-2.879487322320366,kartograf
383,rbfe_OADMET-0006585_OADMET-0006219,False,,incomplete,,,143.8037473633131,kartograf
383,rbfe_OCNT-2317632_OADMET-0006585,False,,incomplete,,,2.566885259567874,kartograf
383,rbfe_OCNT-2318237_OADMET-0006511,False,,incomplete,,,-116.9651628043077,kartograf
384,rbfe_OADMET-0006324_OADMET-0006299,True,-1.176361404411125,tier1_kartograf,27.56936374015393,kartograf,28.745725144565053,kartograf
384,rbfe_OADMET-0006431_OADMET-0006102,True,-3.9882915557516867,tier1_kartograf,76.71912573482994,kartograf,80.70741729058163,kartograf
384,rbfe_OADMET-0006431_OADMET-0006218,True,-2.3365779245606504,tier1_kartograf,52.2844453782619,kartograf,54.62102330282255,kartograf
384,rbfe_OADMET-0006431_OADMET-0006299,True,-2.6580242378140184,tier1_kartograf,73.2291472781053,kartograf,75.88717151591932,kartograf
384,rbfe_OADMET-0006431_OADMET-0006375,True,0.4253954491822327,tier1_kartograf,-50.90975439321961,kartograf,-51.33514984240184,kartograf
384,rbfe_OADMET-0006431_OADMET-0006396,True,-2.4560558973461184,tier1_kartograf,69.34414104394472,kartograf,71.80019694129084,kartograf
384,rbfe_OADMET-0006431_OADMET-0006460,True,-3.164536262255524,tier1_kartograf,-155.74536982540397,kartograf,-152.58083356314845,kartograf
384,rbfe_OADMET-0006431_OCNT-2316194,True,-2.4658473052612777,tier1_kartograf,53.17905028376717,kartograf,55.644897589028446,kartograf
384,rbfe_OADMET-0006452_OADMET-0006272,True,-1.0260452146178523,tier1_kartograf,-11.337000035648227,kartograf,-10.310954821030375,kartograf
384,rbfe_OADMET-0006452_OADMET-0006431,True,-2.7891827132968103,tier1_kartograf,-77.67408603557264,kartograf,-74.88490332227583,kartograf
385,rbfe_OADMET-0006193_OADMET-0006175,False,,incomplete,,,,
385,rbfe_OADMET-0006217_OADMET-0006193,True,-5.661456987004236,tier1_kartograf,2.9809189662628373,kartograf,8.642375953267074,kartograf
385,rbfe_OADMET-0006307_OADMET-0006193,True,-0.22260881792894516,tier1_kartograf,-14.970968133146185,kartograf,-14.74835931521724,kartograf
385,rbfe_OADMET-0006352_OADMET-0006193,False,,incomplete,,,,
385,rbfe_OADMET-0006390_OADMET-0006193,False,,incomplete,,,,
385,rbfe_OADMET-0006436_OADMET-0006193,False,,incomplete,,,,
385,rbfe_OADMET-0006437_OADMET-0006193,True,8.58939186815394,tier1_kartograf,-13.667234359217941,kartograf,-22.256626227371882,kartograf
385,rbfe_OADMET-0006478_OADMET-0006193,True,5.308404694640011,tier1_kartograf,-16.100462968355227,kartograf,-21.408867662995238,kartograf
385,rbfe_OADMET-0006505_OADMET-0006193,True,-1.3730014294176058,tier1_kartograf,-18.012569560863625,kartograf,-16.63956813144602,kartograf
385,rbfe_OCNT-1965945_OADMET-0006193,True,-4.962184178594972,tier1_kartograf,0.546243885116908,kartograf,5.5084280637118805,kartograf
385,rbfe_OCNT-2309319_OADMET-0006193,False,,incomplete,,,,
386,rbfe_OADMET-0006216_OCNT-1965882,True,-4.879385830808317,tier1_kartograf,72.41812908610116,kartograf,77.29751491690948,kartograf
387,rbfe_OADMET-0006276_OADMET-0006215,False,,incomplete,,,-65.11314479873373,kartograf
387,rbfe_OADMET-0006300_OADMET-0006276,False,,incomplete,,,73.43482263050727,kartograf
387,rbfe_OADMET-0006342_OADMET-0006276,False,,incomplete,,,11.34201142660149,kartograf
387,rbfe_OADMET-0006541_OADMET-0006276,False,,incomplete,,,16.059443273533976,kartograf
387,rbfe_OCNT-2317682_OADMET-0006342,False,,incomplete,,,5.074681856006497,kartograf
395,rbfe_OADMET-0006207_OCNT-2315209,False,,incomplete,,,-14.87140323960797,kartograf
397,rbfe_OADMET-0006236_OADMET-0006174,True,2.532707181551814,tier1_kartograf,89.34509569657676,kartograf,86.81238851502495,kartograf
397,rbfe_OADMET-0006236_OADMET-0006205,True,5.459197696923173,tier1_kartograf,11.630170593924607,kartograf,6.170972897001434,kartograf
397,rbfe_OADMET-0006356_OADMET-0006236,True,-8.53616715063339,tier1_kartograf,-62.84540737513753,kartograf,-54.309240224504144,kartograf
397,rbfe_OADMET-0006467_OADMET-0006236,True,1.8232853071298223,tier1_kartograf,69.93052406012586,kartograf,68.10723875299604,kartograf
397,rbfe_OADMET-0006583_OADMET-0006236,True,-2.1560353333922535,tier1_kartograf,-83.5215015529526,kartograf,-81.36546621956035,kartograf
397,rbfe_OADMET-0006583_OCNT-2318074,True,5.910537051100221,tier1_kartograf,-56.41913444356541,kartograf,-62.32967149466563,kartograf
401,rbfe_OADMET-0006344_OADMET-0006233,False,,incomplete,,,-15.305890451931347,kartograf
401,rbfe_OADMET-0006344_OADMET-0006287,False,,incomplete,,,-182.26769946542734,kartograf
401,rbfe_OADMET-0006363_OADMET-0006262,False,,incomplete,,,-91.41994894124511,kartograf
401,rbfe_OADMET-0006539_OADMET-0006262,False,,incomplete,,,38.7096816305831,kartograf
401,rbfe_OADMET-0006539_OADMET-0006287,False,,incomplete,,,-34.76460581226475,kartograf
401,rbfe_OADMET-0006539_OADMET-0006599,False,,incomplete,,,88.35556439102452,kartograf
401,rbfe_OADMET-0006539_OCNT-2315472,False,,incomplete,,,55.60287758348485,kartograf
401,rbfe_OCNT-2315472_OADMET-0006201,False,,incomplete,,,-22.76607318488431,kartograf
401,rbfe_OCNT-2318184_OADMET-0006363,False,,incomplete,,,117.06146683502728,kartograf
402,rbfe_OADMET-0006204_OADMET-0006200,True,-0.746881336089146,tier1_kartograf,79.07569576804896,kartograf,79.8225771041381,kartograf
402,rbfe_OADMET-0006408_OADMET-0006204,True,-0.50269676429828,tier1_kartograf,-13.093739838698054,kartograf,-12.591043074399774,kartograf
402,rbfe_OADMET-0006412_OADMET-0006416,True,1.0685244924186197,tier1_kartograf,-8.728844645669046,kartograf,-9.797369138087666,kartograf
402,rbfe_OADMET-0006420_OADMET-0006412,True,3.4094207745076464,tier1_kartograf,8.005674088615494,kartograf,4.596253314107848,kartograf
402,rbfe_OADMET-0006424_OADMET-0006408,True,3.0114127354713993,tier1_kartograf,8.504276117515285,kartograf,5.492863382043886,kartograf
402,rbfe_OADMET-0006449_OADMET-0006200,True,-0.5264089460141577,tier1_kartograf,103.41802258177975,kartograf,103.94443152779391,kartograf
402,rbfe_OADMET-0006449_OADMET-0006308,True,-4.495087266947587,tier1_kartograf,-18.798540434108205,kartograf,-14.303453167160617,kartograf
402,rbfe_OADMET-0006449_OADMET-0006416,True,-2.823476115273266,tier1_kartograf,41.7638308604696,kartograf,44.58730697574286,kartograf
402,rbfe_OADMET-0006449_OADMET-0006453,False,,incomplete,,,,
402,rbfe_OCNT-2308475_OADMET-0006453,True,-1.817631701151731,tier1_kartograf,-16.53165778336328,kartograf,-14.714026082211548,kartograf
403,rbfe_OADMET-0006199_OCNT-2316557,True,-1.135492555290206,tier1_kartograf,42.037102765033936,kartograf,43.17259532032414,kartograf
408,rbfe_OADMET-0006459_OADMET-0006358,False,,incomplete,,,11.255710707517833,kartograf
408,rbfe_OADMET-0006590_OADMET-0006358,False,,incomplete,,,-2.23646197751899,kartograf
408,rbfe_OADMET-0006594_OADMET-0006358,False,,incomplete,,,5.161061946357332,kartograf
408,rbfe_OCNT-2315950_OADMET-0006194,False,,incomplete,,,,
408,rbfe_OCNT-2315950_OADMET-0006358,False,,incomplete,,,-6.003081689161898,kartograf
413,rbfe_OADMET-0006195_OADMET-0006189,True,3.3497378166293093,tier1_kartograf,18.880161379092588,kartograf,15.530423562463278,kartograf
413,rbfe_OADMET-0006370_OADMET-0006198,True,-1.5307160076377713,tier1_kartograf,-47.78668768050203,kartograf,-46.255971672864256,kartograf
413,rbfe_OADMET-0006406_OADMET-0006195,True,-8.469179136430107,tier1_kartograf,-42.73484135327541,kartograf,-34.2656622168453,kartograf
413,rbfe_OADMET-0006488_OADMET-0006370,True,3.781091855745103,tier1_kartograf,-39.34322527417418,kartograf,-43.124317129919284,kartograf
413,rbfe_OADMET-0006488_OADMET-0006388,True,2.655277995210511,tier1_kartograf,-76.57670966907355,kartograf,-79.23198766428406,kartograf
413,rbfe_OADMET-0006496_OADMET-0006198,True,-0.8122248473539235,tier1_kartograf,4.301714111841069,kartograf,5.113938959194993,kartograf
413,rbfe_OADMET-0006496_OADMET-0006406,True,5.799163003575515,tier1_kartograf,53.21627082729866,kartograf,47.41710782372314,kartograf
413,rbfe_OADMET-0006535_OADMET-0006388,True,0.4332666531894418,tier1_kartograf,-20.774776566251678,kartograf,-21.20804321944112,kartograf
413,rbfe_OADMET-0006535_OADMET-0006537,True,6.181195113126739,tier1_kartograf,11.298006135930507,kartograf,5.116811022803768,kartograf
413,rbfe_OADMET-0006535_OCNT-2311249,True,-2.6337191697022746,tier1_kartograf,96.14024928712145,kartograf,98.77396845682372,kartograf
414,rbfe_OADMET-0006239_OADMET-0006188,False,,incomplete,,,-12.339108795373411,kartograf
414,rbfe_OADMET-0006319_OADMET-0006323,True,1.5792428773872018,tier1_kartograf,-91.45422552110828,kartograf,-93.03346839849549,kartograf
414,rbfe_OADMET-0006323_OADMET-0006239,False,,incomplete,,,-5.7368651807886,kartograf
414,rbfe_OADMET-0006327_OADMET-0006188,False,,incomplete,,,3.5966617236892238,kartograf
414,rbfe_OADMET-0006510_OADMET-0006323,False,,incomplete,,,12.074781261368969,kartograf
414,rbfe_OADMET-0006553_OADMET-0006323,False,,incomplete,,,19.448535515567073,kartograf
414,rbfe_OCNT-2310167_OADMET-0006510,False,,incomplete,,,-6.2854824380838,kartograf
416,rbfe_OCNT-2317632_OADMET-0006186,True,-1.0521730824987543,tier1_kartograf,74.09507488429462,kartograf,75.14724796679337,kartograf
417,rbfe_OADMET-0006273_OCNT-2315609,False,,incomplete,,,-184.8647151400249,kartograf
417,rbfe_OCNT-2315609_OADMET-0006185,False,,incomplete,,,92.2658979625202,kartograf
421,rbfe_OADMET-0006345_OADMET-0006181,False,,incomplete,,,-29.413285395016658,kartograf
421,rbfe_OADMET-0006345_OCNT-2316432,False,,incomplete,,,-20.66703632854638,kartograf
422,rbfe_OADMET-0006429_OADMET-0006132,True,1.9858381726794097,tier1_kartograf,9.297384082389662,kartograf,7.311545909710253,kartograf
422,rbfe_OCNT-2313609_OCNT-2315609,True,-1.8823759643773315,tier1_kartograf,-126.64529666443964,kartograf,-124.76292070006231,kartograf
422,rbfe_OCNT-2315609_OADMET-0006132,True,10.037927845012618,tier1_kartograf,94.22827303326171,kartograf,84.1903451882491,kartograf
422,rbfe_OCNT-2315609_OADMET-0006180,True,1.0943676162608114,tier1_kartograf,74.56139611632089,kartograf,73.46702850006008,kartograf
422,rbfe_OCNT-2315609_OADMET-0006280,True,-1.2314936755230548,tier1_kartograf,88.01607268326448,kartograf,89.24756635878754,kartograf
422,rbfe_OCNT-2315609_OADMET-0006536,True,-0.4361913357906815,tier1_kartograf,182.77787738977776,kartograf,183.21406872556844,kartograf
422,rbfe_OCNT-2315609_OADMET-0006557,True,2.831632295987136,tier1_kartograf,11.91698568229124,kartograf,9.085353386304105,kartograf
422,rbfe_OCNT-2315609_OADMET-0006561,True,-2.835711180513556,tier1_kartograf,173.8077794395655,kartograf,176.64349062007906,kartograf
422,rbfe_OCNT-2315609_OADMET-0006570,True,3.3730268300090245,tier1_kartograf,161.90297987679745,kartograf,158.52995304678842,kartograf
423,rbfe_OADMET-0006179_OADMET-0006389,True,-2.8843459129740268,tier1_kartograf,180.618985778092,kartograf,183.50333169106602,kartograf
423,rbfe_OADMET-0006367_OADMET-0006179,True,-0.09975460596285046,tier1_kartograf,47.102600760036665,kartograf,47.202355365999516,kartograf
423,rbfe_OCNT-2315483_OADMET-0006179,True,0.22320358571406018,tier1_kartograf,-202.81613233339826,kartograf,-203.03933591911232,kartograf
43,rbfe_OCNT-2312002_OADMET-0006574,False,,incomplete,,,35.9478426233386,kartograf
430,rbfe_OCNT-2317682_OADMET-0006172,True,3.8768105260644816,tier1_kartograf,-56.940158590075434,kartograf,-60.816969116139916,kartograf
434,rbfe_OADMET-0006168_OCNT-2317556,False,,incomplete,,,21.29188675345182,kartograf
435,rbfe_OADMET-0006282_OADMET-0006243,True,0.2865597925609933,tier1_kartograf,60.27402553667635,kartograf,59.987465744115354,kartograf
435,rbfe_OADMET-0006365_OADMET-0006167,True,-4.075245037724727,tier1_kartograf,152.4872569017016,kartograf,156.56250193942634,kartograf
435,rbfe_OADMET-0006365_OADMET-0006254,True,-3.4499366716352,tier1_kartograf,120.72952324313306,kartograf,124.17945991476826,kartograf
435,rbfe_OADMET-0006365_OADMET-0006258,True,-3.6513160920886776,tier1_kartograf,147.38100507668048,kartograf,151.03232116876916,kartograf
435,rbfe_OADMET-0006365_OADMET-0006282,True,0.4101337927282742,tier1_kartograf,83.98475433720412,kartograf,83.57462054447585,kartograf
435,rbfe_OADMET-0006475_OADMET-0006167,True,0.8162572055516364,tier1_kartograf,-25.91148343771668,kartograf,-26.727740643268316,kartograf
435,rbfe_OADMET-0006607_OADMET-0006602,True,-3.7146663154839814,tier1_kartograf,73.69324227310764,kartograf,77.40790858859162,kartograf
435,rbfe_OCNT-2311806_OADMET-0006361,True,0.5485183135949754,tier1_kartograf,-17.53121380431502,kartograf,-18.079732117909995,kartograf
435,rbfe_OCNT-2311806_OADMET-0006365,True,2.7338675771120506,tier1_kartograf,-158.16090754099378,kartograf,-160.89477511810583,kartograf
435,rbfe_OCNT-2311806_OADMET-0006602,True,1.075295458878001,tier1_kartograf,4.552468289998729,kartograf,3.477172831120728,kartograf
436,rbfe_OADMET-0006310_OADMET-0006166,False,,incomplete,,,-56.72557253244291,kartograf
436,rbfe_OADMET-0006349_OADMET-0006171,False,,incomplete,,,26.414712917485797,lomap
436,rbfe_OADMET-0006349_OADMET-0006310,False,,incomplete,,,49.93210503323826,kartograf
436,rbfe_OADMET-0006349_OADMET-0006558,False,,incomplete,,,11.9523308752404,kartograf
436,rbfe_OADMET-0006349_OCNT-2312865,False,,incomplete,,,-39.077304246227705,kartograf
436,rbfe_OADMET-0006562_OADMET-0006166,False,,incomplete,,,-17.0549394425041,kartograf
437,rbfe_OCNT-2317538_OADMET-0006165,True,4.937313413427888,tier1_kartograf,12.931669159992646,kartograf,7.994355746564758,kartograf
439,rbfe_OADMET-0006187_OADMET-0006163,False,,incomplete,,,103.98892262594102,kartograf
439,rbfe_OADMET-0006187_OADMET-0006169,False,,incomplete,,,130.54055068736724,kartograf
439,rbfe_OADMET-0006229_OADMET-0006187,False,,incomplete,,,-213.42903023566168,kartograf
439,rbfe_OADMET-0006248_OADMET-0006197,False,,incomplete,,,-26.459389779650525,kartograf
439,rbfe_OADMET-0006278_OADMET-0006187,False,,incomplete,,,-35.34753850446512,kartograf
439,rbfe_OADMET-0006312_OADMET-0006248,False,,incomplete,,,97.34903748766591,kartograf
439,rbfe_OADMET-0006551_OADMET-0006187,False,,incomplete,,,-90.66279934222801,kartograf
439,rbfe_OADMET-0006577_OADMET-0006169,False,,incomplete,,,34.267108617045444,kartograf
439,rbfe_OADMET-0006577_OADMET-0006197,False,,incomplete,,,109.18138942716303,kartograf
439,rbfe_OCNT-2316154_OADMET-0006163,False,,incomplete,,,19.17218420521237,kartograf
44,rbfe_OCNT-2312239_OADMET-0006573,True,4.536921856766028,tier1_kartograf,63.50480469602785,kartograf,58.96788283926182,kartograf
443,rbfe_OADMET-0006298_OADMET-0006249,True,1.1181429701018857,tier1_kartograf,-94.83910690108041,kartograf,-95.9572498711823,kartograf
443,rbfe_OADMET-0006305_OCNT-2310554,True,1.3290594429284397,tier1_kartograf,-118.08002960900417,kartograf,-119.40908905193261,kartograf
443,rbfe_OADMET-0006328_OADMET-0006298,True,2.111296240695985,tier1_kartograf,55.48437979866079,kartograf,53.373083557964804,kartograf
443,rbfe_OADMET-0006582_OADMET-0006260,True,-0.37176152801606577,tier1_kartograf,-35.93979240878021,kartograf,-35.56803088076414,kartograf
443,rbfe_OCNT-2310554_OADMET-0006158,True,0.181530254664807,tier1_kartograf,111.66983420390062,kartograf,111.48830394923581,kartograf
443,rbfe_OCNT-2310554_OADMET-0006260,True,1.211055926033552,tier1_kartograf,112.84094122530038,kartograf,111.62988529926683,kartograf
443,rbfe_OCNT-2310554_OADMET-0006298,True,-3.514533512174296,tier1_kartograf,147.64093360461555,kartograf,151.15546711678985,kartograf
444,rbfe_OADMET-0006184_OADMET-0006157,True,-1.3141156023957699,tier1_kartograf,-9.366350434521678,kartograf,-8.052234832125908,kartograf
444,rbfe_OADMET-0006184_OADMET-0006605,True,1.7690157167707703,tier1_kartograf,-28.335543917851762,kartograf,-30.104559634622532,kartograf
444,rbfe_OADMET-0006184_OCNT-2316690,True,-0.5373735126974186,tier1_kartograf,-1.3354639621816407,kartograf,-0.798090449484222,kartograf
448,rbfe_OADMET-0006267_OADMET-0006152,True,1.9828876972272333,tier1_kartograf,-0.2911016841421284,kartograf,-2.2739893813693617,kartograf
448,rbfe_OADMET-0006377_OADMET-0006152,True,3.0814506468771405,tier1_kartograf,5.64482321788918,kartograf,2.5633725710120396,kartograf
448,rbfe_OADMET-0006377_OADMET-0006247,True,0.9972165945359706,tier1_kartograf,-54.074527579066874,kartograf,-55.071744173602845,kartograf
448,rbfe_OADMET-0006391_OADMET-0006377,False,,incomplete,,,,
448,rbfe_OADMET-0006483_OADMET-0006377,True,0.08821404819036616,tier1_kartograf,31.902767900766538,kartograf,31.81455385257617,kartograf
448,rbfe_OADMET-0006502_OADMET-0006267,True,-2.15676461333956,tier1_kartograf,-4.244787420044575,kartograf,-2.088022806705015,kartograf
448,rbfe_OADMET-0006598_OADMET-0006152,True,-3.482207150782262,tier1_kartograf,10.998901123872802,kartograf,14.481108274655064,kartograf
448,rbfe_OCNT-2318346_OADMET-0006377,True,-1.1015269907591163,tier1_kartograf,-8.059790275442753,kartograf,-6.958263284683636,kartograf
450,rbfe_OADMET-0006440_OADMET-0006532,True,3.48611841354929,tier1_kartograf,-12.132086565952344,kartograf,-15.618204979501634,kartograf
450,rbfe_OADMET-0006532_OADMET-0006150,True,2.9988087605122757,tier1_kartograf,-126.335413124936,kartograf,-129.33422188544827,kartograf
450,rbfe_OADMET-0006532_OADMET-0006559,True,6.4380018667765455,tier1_kartograf,-211.74378750680748,kartograf,-218.18178937358402,kartograf
450,rbfe_OCNT-2309628_OADMET-0006532,True,3.619241710128744,tier1_kartograf,-7.433256127888891,kartograf,-11.052497838017635,kartograf
454,rbfe_OADMET-0006170_OADMET-0006135,True,-5.906481567274373,tier1_kartograf,-34.852807117880396,kartograf,-28.946325550606023,kartograf
454,rbfe_OADMET-0006463_OADMET-0006135,True,-3.179095332858342,tier1_kartograf,29.941559671937124,kartograf,33.120655004795466,kartograf
454,rbfe_OADMET-0006463_OADMET-0006146,True,-3.8526106288717585,tier1_kartograf,-55.90876358266076,kartograf,-52.056152953789,kartograf
454,rbfe_OADMET-0006463_OADMET-0006257,True,-11.443584368837026,tier1_kartograf,-16.659555860878815,kartograf,-5.215971492041788,kartograf
454,rbfe_OADMET-0006463_OADMET-0006504,True,0.9966498639006716,tier1_kartograf,35.80990084134479,kartograf,34.81325097744412,kartograf
454,rbfe_OADMET-0006463_OADMET-0006610,True,-3.9017337901842275,tier1_kartograf,19.020094008770545,kartograf,22.921827798954773,kartograf
454,rbfe_OCNT-2318059_OADMET-0006146,True,-1.7753843614712395,tier1_kartograf,-86.85794683066463,kartograf,-85.08256246919339,kartograf
455,rbfe_OADMET-0006425_OADMET-0006145,True,9.880575012797834,tier1_kartograf,33.13294696395489,kartograf,23.25237195115706,kartograf
455,rbfe_OADMET-0006425_OADMET-0006359,True,7.284438688574699,tier1_kartograf,31.28157586396553,kartograf,23.99713717539083,kartograf
455,rbfe_OADMET-0006425_OADMET-0006364,True,-4.585848510839142,tier1_kartograf,43.06907554306619,kartograf,47.65492405390533,kartograf
455,rbfe_OADMET-0006425_OADMET-0006543,True,5.982700210501633,tier1_kartograf,-85.91137432562738,kartograf,-91.89407453612901,kartograf
455,rbfe_OADMET-0006508_OADMET-0006425,True,0.6805786391401796,tier1_kartograf,-83.12691554852235,kartograf,-83.80749418766253,kartograf
455,rbfe_OADMET-0006576_OADMET-0006508,True,-0.3989801872524197,tier1_kartograf,37.02193926816504,kartograf,37.42091945541746,kartograf
455,rbfe_OADMET-0006576_OCNT-2311292,True,0.9322181591630709,tier1_kartograf,-20.197493329601816,kartograf,-21.129711488764887,kartograf
455,rbfe_OADMET-0006614_OADMET-0006359,True,0.4891006842892267,tier1_kartograf,29.123714411670658,kartograf,28.63461372738143,kartograf
455,rbfe_OCNT-2316432_OADMET-0006425,True,-6.388730694095351,tier1_kartograf,-51.18843179109676,kartograf,-44.79970109700141,kartograf
456,rbfe_OADMET-0006355_OADMET-0006144,True,1.04937109582686,tier1_kartograf,23.98936303209973,kartograf,22.93999193627287,kartograf
456,rbfe_OADMET-0006398_OADMET-0006144,True,0.06376345537364347,tier1_kartograf,4.321398056252943,kartograf,4.2576346008793,kartograf
456,rbfe_OADMET-0006411_OADMET-0006398,True,-4.454080496394585,tier1_kartograf,-21.55586069853765,kartograf,-17.101780202143065,kartograf
456,rbfe_OADMET-0006447_OADMET-0006144,True,-3.574137003197322,tier1_kartograf,-44.18920293312732,kartograf,-40.61506592993,kartograf
456,rbfe_OADMET-0006447_OADMET-0006212,False,,incomplete,,,,
456,rbfe_OADMET-0006524_OADMET-0006355,True,0.9677419300823544,tier1_kartograf,192.82862443676422,kartograf,191.86088250668186,kartograf
456,rbfe_OCNT-2316557_OADMET-0006144,True,4.6270680522597445,tier1_kartograf,-38.325378935858225,kartograf,-42.95244698811797,kartograf
456,rbfe_OCNT-2316920_OADMET-0006447,True,0.48916620238296105,tier1_kartograf,-50.34915362200295,kartograf,-50.83831982438591,kartograf
457,rbfe_OADMET-0006142_OCNT-2316690,False,,incomplete,,,-97.64281753441267,kartograf
458,rbfe_OADMET-0006141_OCNT-2318568,True,-2.6344971307057055,tier1_kartograf,8.042023275553676,kartograf,10.676520406259382,kartograf
461,rbfe_OADMET-0006608_OADMET-0006138,False,,incomplete,,,166.54614211358188,kartograf
461,rbfe_OADMET-0006608_OCNT-2315710,False,,incomplete,,,,
461,rbfe_OADMET-0006608_OCNT-2316356,False,,incomplete,,,257.81651515977745,kartograf
465,rbfe_OADMET-0006134_OCNT-2311864,False,,incomplete,,,,
468,rbfe_OADMET-0006131_OADMET-0006393,True,-5.599243715315673,tier1_kartograf,-2.764263334372298,kartograf,2.834980380943375,kartograf
468,rbfe_OADMET-0006149_OADMET-0006393,True,-1.5241783041721604,tier1_kartograf,27.84681674050502,kartograf,29.37099504467718,kartograf
468,rbfe_OCNT-2315366_OADMET-0006149,False,,incomplete,,,,
469,rbfe_OADMET-0006130_OCNT-2317682,True,7.291536391902049,tier1_kartograf,53.80302496882565,kartograf,46.511488576923604,kartograf
471,rbfe_OADMET-0006128_OCNT-2318059,True,-7.318113960167395,tier1_kartograf,16.206210451091295,kartograf,23.52432441125869,kartograf
471,rbfe_OADMET-0006482_OADMET-0006128,True,-0.7680042941499785,tier1_kartograf,31.388125283860372,kartograf,32.15612957801035,kartograf
471,rbfe_OADMET-0006482_OADMET-0006148,True,-5.560662901413259,tier1_kartograf,45.33362013027845,kartograf,50.89428303169171,kartograf
474,rbfe_OADMET-0006129_OADMET-0006125,True,1.6368011555685613,tier1_kartograf,-0.15816107443109198,kartograf,-1.7949622299996533,kartograf
474,rbfe_OADMET-0006303_OADMET-0006129,True,0.46414445887063494,tier1_kartograf,41.71364690756118,kartograf,41.24950244869054,kartograf
474,rbfe_OADMET-0006366_OADMET-0006125,True,0.9847023489752758,tier1_kartograf,-20.45539132487047,kartograf,-21.440093673845745,kartograf
474,rbfe_OADMET-0006540_OADMET-0006125,True,-0.7057806441964303,tier1_kartograf,-31.508124264940538,kartograf,-30.802343620744107,kartograf
474,rbfe_OADMET-0006542_OADMET-0006546,True,-3.246548746883856,tier1_kartograf,4.677007162104052,kartograf,7.9235559089879075,kartograf
474,rbfe_OADMET-0006606_OADMET-0006125,True,3.8447979793639755,tier1_kartograf,8.97958661011316,kartograf,5.134788630749184,kartograf
474,rbfe_OADMET-0006606_OADMET-0006462,True,1.784115687890953,tier1_kartograf,46.28414002735839,kartograf,44.50002433946744,kartograf
474,rbfe_OCNT-2311187_OADMET-0006202,True,0.7219937044688862,tier1_kartograf,-19.37082399253223,kartograf,-20.092817697001117,kartograf
474,rbfe_OCNT-2311187_OADMET-0006366,True,-0.03985408598431839,tier1_kartograf,-15.49468156088551,kartograf,-15.454827474901192,kartograf
474,rbfe_OCNT-2311187_OADMET-0006542,True,-0.7246930166997458,tier1_kartograf,-35.20368620939201,kartograf,-34.478993192692265,kartograf
476,rbfe_OADMET-0006123_OADMET-0006224,True,0.0031178439564461587,tier1_kartograf,0.0007548041893248726,kartograf,-0.002363039767121286,kartograf
476,rbfe_OADMET-0006224_OADMET-0006566,True,0.11323681635198213,tier1_kartograf,-30.060681883682875,kartograf,-30.173918700034857,kartograf
476,rbfe_OADMET-0006224_OCNT-2312559,True,3.1617276694814223,tier1_kartograf,76.73201258070641,kartograf,73.57028491122499,kartograf
477,rbfe_OADMET-0006250_OADMET-0006122,True,-2.4495012028199525,tier1_kartograf,57.2468443244903,kartograf,59.69634552731025,kartograf
477,rbfe_OADMET-0006269_OADMET-0006122,False,,incomplete,,,,
477,rbfe_OADMET-0006269_OCNT-2310748,True,2.986519751124085,tier1_kartograf,-19.228923569904,kartograf,-22.215443321028086,kartograf
477,rbfe_OADMET-0006601_OADMET-0006269,True,4.222522353654533,tier1_kartograf,28.6164486152514,kartograf,24.393926261596867,kartograf
477,rbfe_OADMET-0006616_OCNT-2310748,True,-6.602137658783813,tier1_kartograf,6.758342515226915,kartograf,13.360480174010728,kartograf
479,rbfe_OCNT-2312754_OADMET-0006120,False,,incomplete,,,,
483,rbfe_OADMET-0006116_OADMET-0006222,True,-2.576576160119245,tier1_kartograf,-75.09925875310323,kartograf,-72.52268259298398,kartograf
483,rbfe_OADMET-0006336_OADMET-0006264,True,-1.9076121604201255,tier1_kartograf,5.455575689289918,kartograf,7.363187849710044,kartograf
483,rbfe_OADMET-0006522_OADMET-0006116,True,0.09266168440808631,tier1_kartograf,2.3309722489846916,kartograf,2.2383105645766053,kartograf
483,rbfe_OADMET-0006522_OCNT-2315472,True,3.89723263502822,tier1_kartograf,2.9277508373762706,kartograf,-0.9694817976519492,kartograf
483,rbfe_OADMET-0006567_OADMET-0006264,True,2.3946389396373102,tier1_kartograf,-1.417463624037203,kartograf,-3.812102563674513,kartograf
483,rbfe_OCNT-2315472_OADMET-0006264,True,-7.45634977518596,tier1_kartograf,7.349571716668666,kartograf,14.805921491854626,kartograf
484,rbfe_OADMET-0006251_OADMET-0006151,True,-1.9496617427348575,tier1_kartograf,-31.924675554967234,kartograf,-29.975013812232376,kartograf
484,rbfe_OADMET-0006372_OADMET-0006155,True,-0.8963983194193368,tier1_kartograf,27.30235352702385,kartograf,28.198751846443187,kartograf
484,rbfe_OADMET-0006544_OADMET-0006552,True,-2.5543750579979374,tier1_kartograf,34.00906944339101,kartograf,36.56344450138895,kartograf
484,rbfe_OADMET-0006552_OADMET-0006155,True,0.9032789096806271,tier1_kartograf,-5.136783596556291,kartograf,-6.040062506236918,kartograf
484,rbfe_OADMET-0006552_OADMET-0006340,True,-2.0689842727091374,tier1_kartograf,-18.972179232300256,kartograf,-16.90319495959112,kartograf
484,rbfe_OCNT-2317888_OADMET-0006115,True,2.374150388973618,tier1_kartograf,-45.08201751478233,kartograf,-47.45616790375595,kartograf
484,rbfe_OCNT-2317888_OADMET-0006151,True,7.106434393944937,tier1_kartograf,-97.5448032275069,kartograf,-104.65123762145184,kartograf
484,rbfe_OCNT-2317888_OADMET-0006225,True,4.41736379541976,tier1_kartograf,-33.0224007147697,kartograf,-37.43976451018946,kartograf
484,rbfe_OCNT-2317888_OADMET-0006340,True,0.42135583292556333,tier1_kartograf,-45.24813227434035,kartograf,-45.66948810726591,kartograf
486,rbfe_OADMET-0006246_OADMET-0006113,False,,incomplete,,,-13.771574802512989,kartograf
486,rbfe_OADMET-0006246_OADMET-0006176,False,,incomplete,,,-6.135115072377294,kartograf
486,rbfe_OCNT-2312208_OADMET-0006113,False,,incomplete,,,20.459775671250046,kartograf
486,rbfe_OCNT-2312208_OCNT-2316634,False,,incomplete,,,20.588726248337824,kartograf
486,rbfe_OCNT-2314578_OCNT-2312208,False,,incomplete,,,-53.8115817136786,kartograf
487,rbfe_OADMET-0006112_OCNT-2316557,False,,incomplete,,,46.79463063368327,kartograf
488,rbfe_OADMET-0006302_OADMET-0006111,True,-0.00901208153592492,tier1_kartograf,-11.84516386115178,kartograf,-11.836151779615856,kartograf
488,rbfe_OADMET-0006334_OADMET-0006427,True,0.9603954688345198,tier1_kartograf,-62.146527109432874,kartograf,-63.106922578267394,kartograf
488,rbfe_OADMET-0006334_OCNT-2309591,True,-1.8078070436573164,tier1_kartograf,-24.264487670868824,kartograf,-22.456680627211508,kartograf
488,rbfe_OADMET-0006427_OADMET-0006192,True,0.45916748148371767,tier1_kartograf,64.7195020710479,kartograf,64.26033458956418,kartograf
488,rbfe_OADMET-0006427_OADMET-0006302,True,0.451642532152313,tier1_kartograf,58.290608317955915,kartograf,57.8389657858036,kartograf
488,rbfe_OADMET-0006477_OADMET-0006196,True,-0.6644060153968496,tier1_kartograf,59.096505505411855,kartograf,59.760911520808705,kartograf
488,rbfe_OCNT-2309591_OADMET-0006196,True,-1.5926198897760173,tier1_kartograf,94.1170041485829,kartograf,95.70962403835891,kartograf
489,rbfe_OADMET-0006238_OADMET-0006110,False,,incomplete,,,-45.257133512463966,kartograf
489,rbfe_OADMET-0006238_OADMET-0006114,False,,incomplete,,,-13.661298790929967,kartograf
489,rbfe_OADMET-0006238_OADMET-0006153,False,,incomplete,,,-12.217577285448781,kartograf
489,rbfe_OADMET-0006238_OADMET-0006190,False,,incomplete,,,3.7646675501937867,kartograf
489,rbfe_OADMET-0006238_OADMET-0006343,False,,incomplete,,,-5.123783490374716,kartograf
489,rbfe_OADMET-0006382_OADMET-0006238,False,,incomplete,,,-11.494292762267765,kartograf
489,rbfe_OADMET-0006392_OADMET-0006114,False,,incomplete,,,-8.172716656552211,kartograf
489,rbfe_OADMET-0006405_OADMET-0006238,False,,incomplete,,,22.479321305850277,kartograf
489,rbfe_OADMET-0006448_OADMET-0006238,False,,incomplete,,,-9.34338059453191,kartograf
489,rbfe_OCNT-2316438_OADMET-0006238,False,,incomplete,,,-6.73042563717832,kartograf
491,rbfe_OADMET-0006266_OADMET-0006183,True,2.2984471361557084,tier1_kartograf,26.491829146516935,kartograf,24.193382010361226,kartograf
491,rbfe_OADMET-0006266_OADMET-0006228,True,-0.7204776471260939,tier1_kartograf,2.990058387528544,kartograf,3.7105360346546377,kartograf
491,rbfe_OADMET-0006290_OADMET-0006244,True,0.10946699553748829,tier1_kartograf,-55.09325272364545,kartograf,-55.20271971918294,kartograf
491,rbfe_OADMET-0006603_OCNT-2317298,False,,incomplete,,,,
491,rbfe_OCNT-2317298_OADMET-0006108,True,4.9829278777081285,tier1_kartograf,25.551125750656613,kartograf,20.568197872948485,kartograf
491,rbfe_OCNT-2317298_OADMET-0006266,True,2.4462102888424297,tier1_kartograf,-14.976898829206874,kartograf,-17.423109118049304,kartograf
491,rbfe_OCNT-2317298_OADMET-0006270,True,4.08998258512,tier1_kartograf,3.3482517286423668,kartograf,-0.7417308564776324,kartograf
491,rbfe_OCNT-2317298_OADMET-0006290,True,-0.03872131455370953,tier1_kartograf,3.666798170865362,kartograf,3.7055194854190714,kartograf
493,rbfe_OADMET-0006164_OADMET-0006106,False,,incomplete,,,4.900688217319089,kartograf
493,rbfe_OADMET-0006164_OCNT-2313639,False,,incomplete,,,3.3821097926333845,kartograf
493,rbfe_OADMET-0006291_OADMET-0006164,False,,incomplete,,,-15.227574000733577,kartograf
493,rbfe_OCNT-2310167_OADMET-0006164,False,,incomplete,,,95.25139668017852,kartograf
495,rbfe_OADMET-0006104_OADMET-0006281,True,0.32880534199059497,tier1_kartograf,22.480474194265653,kartograf,22.15166885227506,kartograf
495,rbfe_OADMET-0006286_OADMET-0006281,True,3.014850065001246,tier1_kartograf,-9.597582301858182,kartograf,-12.612432366859428,kartograf
495,rbfe_OADMET-0006498_OADMET-0006281,True,4.013816988278171,tier1_kartograf,7.835429250011316,kartograf,3.8216122617331454,kartograf
495,rbfe_OADMET-0006498_OADMET-0006591,True,-4.52222400565486,tier1_kartograf,-2.9008343290186636,kartograf,1.6213896766361966,kartograf
495,rbfe_OADMET-0006498_OCNT-2317538,True,-1.9660465841497814,tier1_kartograf,8.325894816924347,kartograf,10.291941401074128,kartograf
495,rbfe_OADMET-0006518_OADMET-0006286,True,1.3095533640495685,tier1_kartograf,16.336745241412466,kartograf,15.027191877362897,kartograf
496,rbfe_OADMET-0006121_OADMET-0006103,True,-1.0974676448926886,tier1_kartograf,17.751850635914142,kartograf,18.84931828080683,kartograf
496,rbfe_OADMET-0006435_OADMET-0006121,False,,incomplete,,,,
496,rbfe_OADMET-0006435_OADMET-0006139,False,,incomplete,,,,
496,rbfe_OADMET-0006435_OADMET-0006227,False,,incomplete,,,,
496,rbfe_OADMET-0006435_OADMET-0006237,True,1.210395249531949,tier1_kartograf,-39.75428064445565,kartograf,-40.9646758939876,kartograf
496,rbfe_OADMET-0006435_OADMET-0006277,True,-0.7109730275014812,tier1_kartograf,-99.16322087565254,kartograf,-98.45224784815106,kartograf
496,rbfe_OADMET-0006435_OADMET-0006335,True,-2.2912982711325753,tier1_kartograf,-72.06071280012446,kartograf,-69.76941452899189,kartograf
496,rbfe_OADMET-0006435_OADMET-0006410,True,4.617915713849982,tier1_kartograf,-49.048624929454796,kartograf,-53.66654064330478,kartograf
496,rbfe_OADMET-0006435_OADMET-0006490,True,4.452347466322536,tier1_kartograf,-72.47840857412513,kartograf,-76.93075604044766,kartograf
496,rbfe_OCNT-2311662_OADMET-0006103,True,2.7390680762374675,tier1_kartograf,-8.290349444073922,kartograf,-11.029417520311389,kartograf
499,rbfe_OADMET-0006206_OADMET-0006100,False,,incomplete,,,-25.877599946999673,kartograf
499,rbfe_OADMET-0006274_OADMET-0006100,False,,incomplete,,,26.430280288115785,kartograf
499,rbfe_OADMET-0006274_OADMET-0006210,False,,incomplete,,,84.67323279558346,kartograf
499,rbfe_OADMET-0006274_OADMET-0006259,False,,incomplete,,,85.51473222116763,kartograf
499,rbfe_OADMET-0006313_OADMET-0006274,False,,incomplete,,,-97.0598477527773,kartograf
499,rbfe_OADMET-0006399_OADMET-0006274,False,,incomplete,,,-84.19715529970053,kartograf
499,rbfe_OADMET-0006461_OADMET-0006259,False,,incomplete,,,-17.393487131417576,kartograf
499,rbfe_OADMET-0006461_OADMET-0006271,False,,incomplete,,,-12.739811715212273,kartograf
499,rbfe_OADMET-0006579_OADMET-0006274,False,,incomplete,,,-91.3656520920186,kartograf
499,rbfe_OCNT-2309935_OADMET-0006274,False,,incomplete,,,-111.8632299676824,kartograf
499,rbfe_OCNT-2309995_OADMET-0006274,False,,incomplete,,,27.44385310819748,kartograf
499,rbfe_OCNT-2311638_OADMET-0006399,False,,incomplete,,,27.962964681383195,kartograf
499,rbfe_OCNT-2316176_OADMET-0006206,False,,incomplete,,,-71.59605738552254,kartograf
500,rbfe_OADMET-0006099_OCNT-2317468,True,-4.100238369185561,tier1_kartograf,-51.83724291010411,kartograf,-47.73700454091855,kartograf
501,rbfe_OADMET-0006263_OADMET-0006147,True,-4.810857624809017,tier1_kartograf,-37.542068696133754,kartograf,-32.731211071324736,kartograf
501,rbfe_OADMET-0006265_OADMET-0006098,True,-5.4397474189776,tier1_kartograf,-34.29526188120257,kartograf,-28.85551446222497,kartograf
501,rbfe_OADMET-0006394_OADMET-0006098,True,2.102925392554942,tier1_kartograf,-3.8409518311237876,kartograf,-5.943877223678729,kartograf
501,rbfe_OADMET-0006394_OADMET-0006263,True,-7.072470838781551,tier1_kartograf,0.9637061400866613,kartograf,8.036176978868212,kartograf
501,rbfe_OADMET-0006500_OADMET-0006394,True,6.067667283233883,tier1_kartograf,8.203598758907951,kartograf,2.135931475674069,kartograf
501,rbfe_OADMET-0006513_OADMET-0006263,True,-1.2135019825852282,tier1_kartograf,33.25748487934968,kartograf,34.47098686193491,kartograf
501,rbfe_OADMET-0006513_OCNT-2317134,True,-2.2620806671977136,tier1_kartograf,2.9747411228640135,kartograf,5.236821790061727,kartograf
501,rbfe_OADMET-0006556_OADMET-0006263,True,-0.23777149164694933,tier1_kartograf,23.060325137531212,kartograf,23.29809662917816,kartograf
501,rbfe_OADMET-0006613_OADMET-0006263,True,-3.578985480847635,tier1_kartograf,57.60102371242186,kartograf,61.1800091932695,kartograf
501,rbfe_OADMET-0006613_OADMET-0006320,True,4.591781498458245,tier1_kartograf,-13.452580411412415,kartograf,-18.04436190987066,kartograf
504,rbfe_OADMET-0006133_OADMET-0006095,True,0.4359519277841253,tier1_kartograf,-2.5648689437709304,kartograf,-3.0008208715550557,kartograf
504,rbfe_OADMET-0006137_OADMET-0006133,True,5.8227595486826615,tier1_kartograf,25.23808649983783,kartograf,19.41532695115517,kartograf
504,rbfe_OADMET-0006156_OADMET-0006095,True,3.75605117993306,tier1_kartograf,63.13731989278226,kartograf,59.3812687128492,kartograf
504,rbfe_OADMET-0006595_OADMET-0006133,True,4.761674669457271,tier1_kartograf,46.203127392925595,kartograf,41.44145272346832,kartograf
504,rbfe_OADMET-0006595_OADMET-0006471,True,-3.7141063270185946,tier1_kartograf,28.01314130894307,kartograf,31.727247635961664,kartograf
504,rbfe_OADMET-0006595_OCNT-2315327,True,1.4966958941151987,tier1_kartograf,42.1956018550999,kartograf,40.6989059609847,kartograf
505,rbfe_OADMET-0006371_OADMET-0006094,True,0.4068197021147526,tier1_kartograf,19.36558722769855,kartograf,18.9587675255838,kartograf
505,rbfe_OADMET-0006404_OADMET-0006400,True,0.3978462393767277,tier1_kartograf,-11.88149368873641,kartograf,-12.279339928113139,kartograf
505,rbfe_OADMET-0006501_OADMET-0006096,True,1.1166657272353113,tier1_kartograf,-9.572647393747346,kartograf,-10.689313120982657,kartograf
505,rbfe_OADMET-0006501_OADMET-0006400,True,-5.473198334960745,tier1_kartograf,16.783990711166037,kartograf,22.257189046126783,kartograf
505,rbfe_OADMET-0006514_OADMET-0006096,True,-0.3042921353609813,tier1_kartograf,81.02242278198605,kartograf,81.32671491734703,kartograf
505,rbfe_OADMET-0006514_OADMET-0006191,True,-4.439750344805709,tier1_kartograf,52.077549721403855,kartograf,56.517300066209565,kartograf
505,rbfe_OADMET-0006514_OADMET-0006371,True,-8.549157345878854,tier1_kartograf,98.00710586953436,kartograf,106.55626321541321,kartograf
505,rbfe_OCNT-2312754_OADMET-0006400,True,-0.9850037062513834,tier1_kartograf,-54.573963100189964,kartograf,-53.58895939393858,kartograf
506,rbfe_OADMET-0006097_OADMET-0006093,False,,incomplete,,,19.758753173078617,kartograf
506,rbfe_OADMET-0006101_OADMET-0006093,False,,incomplete,,,9.699891873747735,kartograf
506,rbfe_OADMET-0006362_OADMET-0006118,False,,incomplete,,,1.5447899241139185,kartograf
506,rbfe_OADMET-0006373_OADMET-0006101,False,,incomplete,,,121.60013915435084,kartograf
506,rbfe_OADMET-0006373_OADMET-0006362,False,,incomplete,,,105.2278730341019,kartograf
506,rbfe_OADMET-0006466_OADMET-0006097,False,,incomplete,,,5.069570336337263,kartograf
506,rbfe_OADMET-0006492_OADMET-0006101,False,,incomplete,,,11.377240668969556,kartograf
506,rbfe_OCNT-2318616_OADMET-0006101,False,,incomplete,,,7.8394187486399645,kartograf
506,rbfe_OCNT-2318616_OADMET-0006470,False,,incomplete,,,-2.2265840247400632,kartograf
507,rbfe_OADMET-0006451_OCNT-2316441,False,,incomplete,,,81.78564617239873,kartograf
507,rbfe_OADMET-0006530_OADMET-0006331,False,,incomplete,,,-17.07837579844474,kartograf
507,rbfe_OCNT-2308554_OADMET-0006092,False,,incomplete,,,120.17227224261488,kartograf
507,rbfe_OCNT-2308554_OADMET-0006105,False,,incomplete,,,146.1043505037598,kartograf
507,rbfe_OCNT-2308554_OADMET-0006182,False,,incomplete,,,32.332188355982105,kartograf
507,rbfe_OCNT-2308554_OADMET-0006284,False,,incomplete,,,,
507,rbfe_OCNT-2308554_OADMET-0006331,False,,incomplete,,,146.50542787706095,kartograf
507,rbfe_OCNT-2316441_OADMET-0006331,False,,incomplete,,,-34.95173219197389,kartograf
508,rbfe_OADMET-0006565_OADMET-0006458,True,2.073360130313098,tier1_kartograf,1.014930601743822,kartograf,-1.0584295285692762,kartograf
508,rbfe_OADMET-0006568_OADMET-0006091,True,1.5544431965761518,tier1_kartograf,-59.69574910102738,kartograf,-61.25019229760353,kartograf
508,rbfe_OADMET-0006568_OADMET-0006203,True,-3.979265606583205,tier1_kartograf,-20.663573687607496,kartograf,-16.68430808102429,kartograf
508,rbfe_OADMET-0006568_OADMET-0006326,True,-2.198900481436965,tier1_kartograf,-38.81691051726019,kartograf,-36.618010035823225,kartograf
508,rbfe_OADMET-0006568_OADMET-0006458,True,7.1596542581822575,tier1_kartograf,-34.36905765745533,kartograf,-41.52871191563759,kartograf
508,rbfe_OADMET-0006568_OADMET-0006515,True,-0.267890442280975,tier1_kartograf,-0.6020861013949799,kartograf,-0.33419565911400484,kartograf
508,rbfe_OADMET-0006568_OADMET-0006597,True,7.538975405869834,tier1_kartograf,-2.869297796818491,kartograf,-10.408273202688326,kartograf
508,rbfe_OADMET-0006615_OADMET-0006597,True,1.1234566137110065,tier1_kartograf,-9.9077990471752,kartograf,-11.031255660886206,kartograf
508,rbfe_OCNT-2317528_OADMET-0006568,True,-3.5161926450009826,tier1_kartograf,-2.7250611741915955,kartograf,0.7911314708093871,kartograf
509,rbfe_OADMET-0006454_OADMET-0006090,False,,incomplete,,,-13.94719659199684,kartograf
509,rbfe_OADMET-0006588_OADMET-0006090,False,,incomplete,,,-4.117776949179312,kartograf
509,rbfe_OADMET-0006611_OADMET-0006240,False,,incomplete,,,28.581964511543404,kartograf
509,rbfe_OADMET-0006611_OADMET-0006279,False,,incomplete,,,31.479389519701208,kartograf
509,rbfe_OADMET-0006611_OADMET-0006330,False,,incomplete,,,28.948595366657138,kartograf
509,rbfe_OADMET-0006611_OADMET-0006586,False,,incomplete,,,36.8056549969521,kartograf
509,rbfe_OCNT-2318311_OADMET-0006584,False,,incomplete,,,-28.391629698915654,kartograf
509,rbfe_OCNT-2318311_OADMET-0006588,False,,incomplete,,,2.2502803138566954,kartograf
509,rbfe_OCNT-2318311_OADMET-0006611,False,,incomplete,,,-33.71724443725542,kartograf
511,rbfe_OADMET-0006268_OADMET-0004675,False,,incomplete,,,14.815359181113436,kartograf
511,rbfe_OADMET-0006593_OADMET-0006268,False,,incomplete,,,48.78462162581258,kartograf
511,rbfe_OCNT-2309356_OADMET-0006268,False,,incomplete,,,3.304649307725831,kartograf
512,rbfe_OCNT-2311864_OADMET-0004674,False,,incomplete,,,,
61,rbfe_OADMET-0006554_OCNT-2317682,False,,incomplete,,,21.83383811773565,kartograf
67,rbfe_OADMET-0006548_OCNT-2312239,False,,incomplete,,,-16.450846237736698,kartograf
70,rbfe_OADMET-0006545_OCNT-2318184,True,5.070164339500364,tier1_kartograf,7.783110029334589,kartograf,2.7129456898342243,kartograf
80,rbfe_OCNT-2315472_OADMET-0006534,False,,incomplete,,,,
81,rbfe_OADMET-0006533_OCNT-2312754,True,1.6543815495306262,tier1_kartograf,49.562749153036826,kartograf,47.9083676035062,kartograf
96,rbfe_OCNT-2315366_OADMET-0006517,True,4.3021857617205015,tier1_kartograf,-22.677146468387054,kartograf,-26.979332230107556,kartograf
