cluster_id,edge,ddg,complex_dG,complex_dG_error,complex_production_iterations,complex_equilibration_iterations,complex_min_overlap,complex_fwd_rev_diff,solvent_dG,solvent_dG_error,solvent_production_iterations,solvent_equilibration_iterations,solvent_min_overlap,solvent_fwd_rev_diff
118,rbfe_OCNT-2310728_OADMET-0006495,-1.5643003354778957,134.6714320200677,1.462307286950825,816.2705688476562,461.0,0.004603949240815974,,136.2357323555456,1.6254473632750528,1203.6622314453125,21.0,0.0030491115047271977,
129,rbfe_OADMET-0006484_OCNT-2317528,9.437925515955907,-27.655325851039432,1.425961034561761,645.8635864257812,141.0,0.0005383933536196039,,-37.09325136699534,2.2237486774867716,948.8330078125,21.0,0.0008627623325755396,
138,rbfe_OCNT-2309230_OADMET-0006474,2.121994615052486,65.36349125720174,2.479256710535131,473.79168701171875,321.0,0.0002796682396772887,,63.24149664214926,1.6146635135374907,1071.3458251953125,81.0,0.000515895843805847,
139,rbfe_OADMET-0006506_OADMET-0006433,1.6289033096343903,16.02786189002251,0.8245876986771001,718.5245971679688,241.0,0.007698407489979631,,14.39895858038812,1.3082585054816984,1292.09375,21.0,0.0036737863965913276,
139,rbfe_OADMET-0006609_OADMET-0006209,1.8660028896859444,-85.93831977890726,2.1945852277403075,696.3604125976562,41.0,0.0024118088396021253,,-87.8043226685932,2.2035749374773457,1169.3009033203125,21.0,0.002506438613152917,
139,rbfe_OADMET-0006609_OADMET-0006213,3.815636823396341,-9.060115541702531,2.399790380557059,974.0167846679688,181.0,0.000641649359605867,,-12.875752365098872,1.3602640829688835,1082.0985107421875,101.0,0.0015278651931539544,
139,rbfe_OADMET-0006609_OADMET-0006433,-0.7750593795086345,3.413940171937988,1.246983812220731,902.0943603515625,201.0,0.0020526804026701484,,4.1889995514466225,1.9901601386427166,1035.5306396484375,21.0,0.0025605259202720054,
139,rbfe_OADMET-0006609_OADMET-0006472,-4.603743209440977,-10.94305828634102,0.7265539315260189,1037.97314453125,21.0,0.010326343609160626,,-6.339315076900044,0.9830533194327995,1355.824951171875,21.0,0.008534770655615254,
139,rbfe_OADMET-0006609_OCNT-2313188,-9.498883061713784,-11.596087784118978,0.8751597319807793,938.1140747070312,121.0,0.008491707037413754,,-2.0972047224051944,1.1129888321504429,1060.2718505859375,121.0,0.003045211547621496,
146,rbfe_OADMET-0006465_OCNT-2311117,-15.058627834358273,-31.015816312940164,3.288565360050919,636.659423828125,121.0,0.00011374600495561715,,-15.957188478581891,1.565303532930316,1167.681640625,81.0,0.0007463735891272139,
147,rbfe_OADMET-0006464_OCNT-2317682,1.4395965269709023,92.8505443711874,1.8346305740171764,1098.8048095703125,181.0,0.0025656426821654144,,91.4109478442165,1.3051208646884924,977.9348754882812,21.0,0.002626619055483892,
171,rbfe_OCNT-2312559_OADMET-0006439,-9.130079416719989,-51.56663103656633,0.9062328500057382,753.6534423828125,361.0,0.007514733104779903,,-42.43655161984634,0.7277806471305758,1244.671142578125,21.0,0.008641190665871323,
188,rbfe_OADMET-0006417_OADMET-0006293,3.257455628376253,-23.69431572789757,0.6677218634794326,940.399658203125,341.0,0.015290079532074952,,-26.951771356273824,0.9494814603378429,1228.453369140625,21.0,0.014500716387448431,
188,rbfe_OADMET-0006421_OADMET-0006417,0.942817056433089,-0.49581936377837577,1.792416060225843,698.5940551757812,261.0,0.004711970005089827,,-1.4386364202114648,1.8044854822788627,1117.1837158203125,41.0,0.004400937875311484,
188,rbfe_OADMET-0006434_OADMET-0006417,1.4690447937344224,13.305044228650136,1.6362666553835599,551.5198974609375,641.0,0.009556852999908272,,11.835999434915713,0.7874717062892,1259.821533203125,21.0,0.012410489652273982,
188,rbfe_OADMET-0006486_OADMET-0006422,3.709561382224015,17.41197544284027,0.3387979768134612,662.5164184570312,601.0,0.024615602130148795,,13.702414060616254,0.6268262426063851,1293.9989013671875,21.0,0.016250473037953683,
188,rbfe_OADMET-0006487_OADMET-0006293,3.4248906033012503,-32.608718751589514,0.79514141308978,470.40789794921875,801.0,0.009726723982052876,,-36.033609354890764,1.0444690757290702,1172.9522705078125,21.0,0.01101196267609994,
188,rbfe_OADMET-0006487_OADMET-0006422,2.0684514329513206,-16.276609646317556,0.6155387364575625,652.9519653320312,361.0,0.00412729161964176,,-18.345061079268877,0.9244798127010517,1226.6942138671875,21.0,0.0035527222699056615,
188,rbfe_OADMET-0006549_OADMET-0006417,-1.2940580868725533,48.55860281648686,1.896648712582029,962.5126342773438,281.0,0.0025818876757764953,,49.852660903359414,1.3757407547641909,1185.0762939453125,21.0,0.00230776408532829,
188,rbfe_OADMET-0006592_OADMET-0006417,-2.2954752148826003,12.867384469799754,1.302523289173802,992.0490112304688,241.0,0.004556032851464331,,15.162859684682354,1.9478452612923272,1211.331298828125,21.0,0.004264657692646057,
188,rbfe_OCNT-2311393_OADMET-0006422,3.457492247172833,11.199111398427656,0.7771824279177229,800.4356079101562,281.0,0.011099757169600544,,7.741619151254822,1.0846484154685312,1150.606689453125,21.0,0.009545828196978468,
195,rbfe_OADMET-0006415_OCNT-2309628,-2.183146083258883,49.528124711472216,0.36776038890638274,592.514404296875,841.0,0.028155137673949615,,51.7112707947311,0.6510627112010992,1010.2823486328125,61.0,0.02298132706667455,
196,rbfe_OADMET-0006414_OCNT-2308748,2.728431947193859,5.357191298567803,2.3721059113604004,737.7138061523438,561.0,0.0005800144831745735,,2.628759351373944,3.7720529402501524,909.27734375,21.0,0.0016957140375429836,
197,rbfe_OADMET-0006413_OCNT-2317298,-0.2470519005343305,133.91266145532165,2.0276305324531223,894.5450439453125,341.0,0.0008410964718190694,,134.15971335585598,2.2348468052004233,1026.7847900390625,21.0,0.0009106898263608887,
21,rbfe_OCNT-2309356_OADMET-0006596,4.580836880539723,8.68854343404611,1.3010707854010715,1050.4708251953125,41.0,0.0021302940114023006,,4.107706553506388,1.987078765993666,1105.8223876953125,21.0,0.0013131924159902608,
232,rbfe_OADMET-0006374_OADMET-0006395,1.4492992697985585,-247.45834159832276,0.3050696341336303,943.2659301757812,21.0,0.013990414200984236,,-248.90764086812132,0.8252283069122317,1105.270751953125,41.0,0.014098526337008366,
232,rbfe_OADMET-0006442_OADMET-0006374,-0.8707514057280363,26.481399107145975,0.9417286143058522,673.220458984375,541.0,0.003484177758926288,,27.35215051287401,1.4767256465467966,984.14794921875,41.0,0.0075989923626139655,
232,rbfe_OADMET-0006442_OCNT-2309628,-4.477273457434192,10.49771302873466,0.8550861078184906,807.4328002929688,301.0,0.010416995923744232,,14.974986486168852,1.2356386522885203,896.7050170898438,401.0,0.008541614710604106,
232,rbfe_OADMET-0006499_OCNT-2309628,2.979399365838636,-7.345707893142563,0.4952128901147135,1084.788330078125,61.0,0.010049521321365384,,-10.325107258981198,1.2656074759685518,1260.781005859375,21.0,0.011125128001305384,
232,rbfe_OADMET-0006600_OADMET-0006374,-2.5078171198927706,26.446563820259982,0.3161192686889993,895.1991577148438,121.0,0.038844234352298224,,28.954380940152753,0.32696879848183313,1259.1431884765625,21.0,0.03986724585131152,
255,rbfe_OADMET-0006351_OCNT-2315472,-5.8178170638588735,8.186085358028087,1.3298184754571483,838.7200927734375,361.0,0.002495310897087877,,14.003902421886961,2.309793562784975,1008.5053100585938,321.0,0.002644817230075369,
256,rbfe_OADMET-0006564_OADMET-0006160,-1.492944124181513,19.454447784338527,2.379816729367875,604.6859741210938,261.0,0.001703355465509926,,20.94739190852004,1.29481351835498,1398.5201416015625,21.0,0.0016007377173189452,
256,rbfe_OADMET-0006564_OADMET-0006301,-3.758386472260852,-3.188880283996744,0.5921532705331793,870.5108032226562,261.0,0.023395907672974392,,0.5695061882641074,0.6061657537881693,1223.65869140625,21.0,0.025821620808322954,
256,rbfe_OADMET-0006564_OADMET-0006350,3.482319129914845,-17.33181957579155,1.8962843287131663,542.8999633789062,721.0,0.004114186359637895,,-20.814138705706394,2.1439949809312413,978.5224609375,21.0,0.004214614004224515,
256,rbfe_OADMET-0006564_OADMET-0006494,2.683827094508371,-6.896677968373349,1.3588700512681493,724.2941284179688,821.0,0.005819510371754655,,-9.58050506288172,1.7101826767726698,1169.402099609375,21.0,0.005464933684775741,
256,rbfe_OADMET-0006564_OADMET-0006555,-4.346178172417137,-18.695237894709184,0.7793455448123903,540.6162109375,461.0,0.004752370214925361,,-14.349059722292047,1.7567185953379643,1252.6651611328125,41.0,0.005649346879844419,
256,rbfe_OADMET-0006578_OADMET-0006564,-0.3087253094204003,-7.969450244264423,0.3931085312417355,589.7552490234375,341.0,0.04585096960084223,,-7.660724934844023,0.37607671579988133,1099.8524169921875,21.0,0.041094234559915455,
256,rbfe_OCNT-2317222_OADMET-0006311,1.070621462293654,2.2863216799629105,0.5437325080327576,775.6223754882812,381.0,0.008029685272011866,,1.2157002176692564,1.1766972679634458,1161.5343017578125,21.0,0.009315567042253114,
256,rbfe_OCNT-2317222_OADMET-0006494,2.6673447335882425,-8.946159362635418,0.9639649582765031,615.8970947265625,361.0,0.004384491258749401,,-11.61350409622366,2.193052940408892,916.6611328125,21.0,0.004483917620508926,
259,rbfe_OADMET-0006381_OADMET-0006347,0.5921703721042917,-12.316936033795976,0.855402350336023,835.2432250976562,241.0,0.001819769022617379,,-12.909106405900268,1.4857945823470236,1344.75927734375,21.0,0.002392266495691575,
259,rbfe_OADMET-0006418_OADMET-0006339,-5.552910018613119,135.3853196752069,1.5961418288745923,516.8567504882812,81.0,0.0006465698192187341,,140.93822969382,2.9200553677816723,753.4905395507812,461.0,0.000742760600054182,
259,rbfe_OADMET-0006418_OADMET-0006381,-1.4163876535287443,183.0502157953656,1.2235477137995716,431.79541015625,821.0,0.005257157628457354,,184.46660344889435,1.190202490650446,912.8621215820312,41.0,0.0054717433807450755,
259,rbfe_OADMET-0006456_OADMET-0006124,-5.327542847200445,-5.9673958264255,1.067161378063039,877.7998657226562,561.0,0.008274819360187147,,-0.639852979225055,1.0208115095149268,1284.8592529296875,21.0,0.01123061251163171,
259,rbfe_OADMET-0006456_OADMET-0006177,-4.299137900840165,71.18322880928704,1.9325998875901662,781.1571655273438,141.0,0.0008817501866434929,,75.48236671012721,1.4827130892442382,1247.50927734375,21.0,0.0007249421439643466,
259,rbfe_OADMET-0006456_OADMET-0006347,-3.9880161510510823,-8.802390063312972,2.3285088913507925,635.8857421875,321.0,0.0008992348708800613,,-4.814373912261889,1.109731542000052,1012.6380004882812,501.0,0.0012671306792102488,
259,rbfe_OADMET-0006456_OADMET-0006438,-11.137321156530982,13.451808994360023,1.4376820410317948,827.0725708007812,261.0,9.447502857862222e-05,,24.589130150891005,3.440599861454489,981.232177734375,21.0,0.0004628968563233915,
259,rbfe_OADMET-0006457_OADMET-0006456,2.271177697497606,-47.554785015774286,2.2842591828924257,828.4463500976562,561.0,0.0005248206616752515,,-49.82596271327189,1.5709550499570832,1231.5335693359375,101.0,0.0006540524107959689,
259,rbfe_OADMET-0006529_OADMET-0006173,0.4671641678063611,12.917398912542634,1.4161671598117216,782.2027587890625,181.0,0.0017727904894950797,,12.450234744736273,1.4274289588192548,1055.6385498046875,21.0,0.0032363021234005362,
259,rbfe_OADMET-0006529_OADMET-0006347,1.703847114624395,-19.746160657142212,0.833852229469244,829.1143188476562,41.0,0.012738508447178276,,-21.450007771766607,0.8670789423954883,1086.730712890625,41.0,0.019166022646752157,
259,rbfe_OADMET-0006550_OADMET-0006418,-1.6146650828015652,-97.64813759809175,1.021165109788383,848.7915649414062,481.0,0.0007987271352337677,,-96.03347251529019,1.8410281101152957,966.1406860351562,21.0,0.0013050752235772567,
259,rbfe_OADMET-0006572_OADMET-0006456,13.088166247303985,16.919061209010525,0.9201377393994108,708.1731567382812,181.0,0.0005184515288569891,,3.8308949617065404,2.404893538115859,1129.0499267578125,81.0,0.0012108180757127718,
259,rbfe_OCNT-2308531_OADMET-0006438,-2.8689787959177195,36.39596861128315,1.0308858653262725,719.222412109375,281.0,0.001465937008608087,,39.26494740720087,1.6926932040416849,1154.67333984375,21.0,0.0013953874029268842,
259,rbfe_OCNT-2309356_OADMET-0006456,4.767164777159097,-1.1445882274063672,3.5647597481990982,666.54541015625,401.0,0.0004030844563982505,,-5.9117530045654645,1.0505260002581764,957.2114868164062,21.0,0.0006615485494098072,
259,rbfe_OCNT-2310934_OADMET-0006456,-1.763412562540104,22.68647798215079,1.9117764814933182,522.6135864257812,821.0,0.00015857138260522152,,24.449890544690895,1.0158039516831512,1254.2459716796875,21.0,0.0006435541683238455,
269,rbfe_OCNT-2315653_OADMET-0006337,-3.675314122725823,122.4460543675422,1.1767025390084196,848.8025512695312,161.0,0.0030980007338481386,,126.12136849026803,0.7875860055321371,1286.125732421875,41.0,0.0030645959684875157,
269,rbfe_OCNT-2315653_OADMET-0006346,1.6144600603350625,70.50142423734235,1.7134635724659693,846.9893798828125,61.0,0.004310642709696166,,68.88696417700729,1.4708488243067745,1280.1580810546875,21.0,0.004396557100862397,
273,rbfe_OADMET-0006338_OADMET-0006512,1.873741632518275,57.78940279442061,0.45660459243795304,590.5810546875,561.0,0.025700651308584677,,55.915661161902335,0.4026558477588325,1228.749755859375,21.0,0.03344730526392925,
273,rbfe_OADMET-0006512_OADMET-0006333,-2.9761674898975743,-2.8031255694080177,0.6055808977370916,861.8363647460938,361.0,0.010810208962852341,,0.17304192048955647,1.0937203004342304,1150.2884521484375,81.0,0.009384881975872505,
273,rbfe_OADMET-0006512_OADMET-0006479,-2.7538735339833487,-20.378943843683672,0.3272281067438204,960.0879516601562,181.0,0.02025853259144994,,-17.625070309700323,0.8076375000686601,919.1950073242188,21.0,0.013347990164929047,
273,rbfe_OCNT-2315483_OADMET-0006479,2.1901517899427603,75.99152156235786,1.8727306609159884,807.9159545898438,561.0,0.0025596839027460794,,73.8013697724151,1.3516932964817168,1210.0458984375,121.0,0.0034902843256672256,
289,rbfe_OADMET-0006317_OADMET-0006211,4.728113704946679,187.10752156162604,0.32104933415696113,479.94927978515625,161.0,0.03889121240125981,,182.37940785667936,0.4340842199640206,1349.8369140625,21.0,0.028110162653929183,
289,rbfe_OADMET-0006380_OADMET-0006136,4.853384363573909,61.08265662723348,1.312538436963652,786.6414794921875,441.0,0.0025995976619468397,,56.229272263659574,1.7498309772170717,1253.0013427734375,41.0,0.002975855401275096,
289,rbfe_OADMET-0006380_OADMET-0006162,3.8535843638904375,25.01749266755678,0.6806892783239135,886.318115234375,381.0,0.003126691908573065,,21.163908303666343,1.6912452923648693,1190.7220458984375,21.0,0.0036201489099183526,
289,rbfe_OADMET-0006380_OADMET-0006211,3.7225887901642665,70.97082457158997,0.3444789365264268,582.2591552734375,1021.0,0.03225450793912066,,67.2482357814257,0.4818969720423257,1105.9482421875,41.0,0.030610805218979964,
289,rbfe_OADMET-0006384_OADMET-0006332,-1.423816556011026,22.350962224134555,0.11392811652917874,1025.2247314453125,181.0,0.10141743495650479,,23.77477878014558,0.2058722703005712,1020.0792236328125,21.0,0.07598388114416321,
289,rbfe_OADMET-0006407_OADMET-0006211,1.950069966792995,102.00389848529056,0.4883677665889816,907.0971069335938,381.0,0.020230828421318292,,100.05382851849757,0.8197621195269194,1190.1407470703125,21.0,0.016656042458674913,
289,rbfe_OADMET-0006407_OADMET-0006332,-2.8841776119282514,45.94506208554818,0.7938675656132971,651.209716796875,661.0,0.007351951684476776,,48.82923969747643,1.0525455937150001,1241.1568603515625,41.0,0.004426691471949518,
289,rbfe_OADMET-0006446_OADMET-0006380,-0.7457250990304551,-21.53672821257157,1.986289145191763,797.8544921875,521.0,0.0029775271002699943,,-20.791003113541116,2.3730843724047346,1164.662109375,21.0,0.003238497414680297,
289,rbfe_OCNT-2317314_OADMET-0006211,7.002373916745967,255.55976796559398,0.8564787424767349,975.1964721679688,381.0,0.006871772604621906,,248.557394048848,1.096910826450306,1393.3870849609375,21.0,0.006151123862836783,
297,rbfe_OADMET-0006309_OCNT-2311752,-2.2983405553224827,-79.42740625506754,1.12779506624402,704.708740234375,161.0,0.005008036757835566,,-77.12906569974506,1.0760800614268764,1204.406005859375,21.0,0.0038677987210528064,
30,rbfe_OCNT-2310554_OADMET-0006587,0.2895442343923946,-19.059880074276563,2.196228103806382,725.4202880859375,21.0,0.003090862417964968,,-19.349424308668958,1.6584086167258452,1146.74169921875,21.0,0.003160154574015528,
309,rbfe_OADMET-0006325_OADMET-0006297,-0.31217188391863,-39.30869985558042,0.4100615200808099,864.8088989257812,401.0,0.016221823932325852,,-38.99652797166179,0.5908522157145264,1396.886962890625,41.0,0.021224888126695762,
309,rbfe_OADMET-0006383_OADMET-0006297,0.2517545250678132,-22.947994995645946,2.3674212015911924,532.1516723632812,21.0,0.004822080936472628,,-23.19974952071376,1.2423782750433259,1111.386474609375,221.0,0.005245471348086839,
309,rbfe_OADMET-0006383_OCNT-2315653,3.805219785843249,-97.30797035190622,1.5281483710104595,262.06317138671875,1181.0,0.004249506811633941,,-101.11319013774947,1.3719861038016992,1128.797607421875,21.0,0.005240587961545251,
310,rbfe_OADMET-0006161_OADMET-0006119,5.318615517207789,63.773228237294354,0.9103315636289778,582.8271484375,161.0,0.003457961816147659,,58.454612720086566,1.856842805229646,1130.4761962890625,21.0,0.0029246249416258197,
310,rbfe_OADMET-0006296_OADMET-0006119,1.5429615503426175,30.395349385108553,2.157198089712471,1276.7738037109375,61.0,0.0013958767573823971,,28.852387834765935,1.2476098847691137,1329.3787841796875,21.0,0.0023870237913726777,
310,rbfe_OADMET-0006304_OADMET-0006161,-0.6808663514315327,-90.50546938098961,1.4392843636199102,753.6947021484375,141.0,0.0013367997172752943,,-89.82460302955808,1.6980745128321342,1183.6807861328125,181.0,0.001869611026658613,
310,rbfe_OADMET-0006304_OADMET-0006234,-5.8535211166581576,-105.02695272805013,2.062698260835222,692.7421875,461.0,0.0008989950464013408,,-99.17343161139198,1.7340315301486828,1126.7598876953125,61.0,0.0020475551032569372,
310,rbfe_OADMET-0006304_OADMET-0006386,0.1467554861404636,-98.62877000842161,2.7622039176981095,791.8740234375,181.0,0.0005883211433915791,,-98.77552549456207,1.645629143882572,1089.454833984375,21.0,0.001648222242118691,
310,rbfe_OADMET-0006409_OADMET-0006304,-2.0916878100449168,89.345025312116,1.301838134458401,879.3757934570312,301.0,0.0005450740321476522,,91.43671312216091,1.0393659355096128,946.934326171875,21.0,0.0020904089245139534,
310,rbfe_OADMET-0006531_OADMET-0006119,6.21249608498286,49.974465754752906,0.9163003853124482,451.62908935546875,141.0,0.0028111948346570825,,43.761969669770046,1.0777150226986,1189.174560546875,21.0,0.00262577177431067,
310,rbfe_OADMET-0006581_OADMET-0006304,3.9772529682174,105.53371500114692,3.080535647289575,925.2434692382812,161.0,0.001459099025348909,,101.55646203292952,2.388260726358855,995.935546875,21.0,0.0019845035680514655,
310,rbfe_OCNT-2308748_OADMET-0006119,4.724981315303019,-22.41976163412408,0.6531185332377815,702.5169677734375,701.0,0.00280373796237654,,-27.144742949427098,1.4388769581986758,1306.3682861328125,21.0,0.0038676467275192694,
317,rbfe_OADMET-0006353_OADMET-0006526,-1.7500777015868465,-79.99303587152933,0.5225479441463247,849.1951293945312,161.0,0.0218322511018344,,-78.24295816994248,0.47604759793066237,1145.4979248046875,21.0,0.017218241527426792,
317,rbfe_OADMET-0006526_OADMET-0006289,-2.818974469129108,13.825329001925242,0.3108674267705778,1067.8406982421875,261.0,0.030803836754513925,,16.64430347105435,0.5460362961128998,1173.010986328125,21.0,0.026522301230592737,
317,rbfe_OADMET-0006571_OADMET-0006353,4.5891570787108975,88.14902926569236,0.6764390667879597,747.6630249023438,481.0,0.012582689431832828,,83.55987218698147,0.9920212347553466,791.217041015625,21.0,0.009668555525536693,
317,rbfe_OCNT-2312865_OADMET-0006353,4.14502118920948,40.694678061911844,1.2506165473151198,1031.5206298828125,41.0,0.002670293591149453,,36.549656872702364,1.414819779939724,1129.5404052734375,241.0,0.0025831428457695482,
323,rbfe_OADMET-0006283_OCNT-2317888,0.0717123952145879,15.722030782015452,0.7470636937247258,1114.517333984375,41.0,0.0007653952644138817,,15.650318386800864,2.0232686236837094,771.8902587890625,21.0,0.0010398425101719733,
349,rbfe_OADMET-0006256_OCNT-2309093,0.9404136796188318,27.070454992633607,1.0044806715178893,827.41455078125,21.0,0.0052315153586922625,,26.130041313014775,1.9076278906974682,994.8472900390625,21.0,0.004362023018536609,
359,rbfe_OCNT-2318184_OADMET-0006245,0.0039908261097982,5.661893342605347,0.29541929046044546,278.0931091308594,461.0,0.06802527776842171,,5.6579025164955485,0.21395364138179043,1251.884765625,81.0,0.06333047154601523,
362,rbfe_OCNT-2317538_OADMET-0006242,4.190249539177864,9.7978996294635,1.8382898224768947,965.7789916992188,141.0,0.0015470885479551555,,5.607650090285635,3.3820761529004146,1257.355224609375,21.0,0.0009087549281364682,
362,rbfe_OCNT-2317538_OADMET-0006321,3.5214631530574003,3.907601926422484,0.726157920682175,834.482421875,221.0,0.002424982945455567,,0.38613877336508373,1.6234661569815165,1194.181396484375,21.0,0.002763660099607046,
362,rbfe_OCNT-2317538_OADMET-0006357,-1.594573807379332,14.576504603941585,1.7835437794184787,685.0784912109375,781.0,0.0008043287064793958,,16.171078411320917,2.0065497308009745,1172.969482421875,21.0,0.0017179587840884247,
372,rbfe_OADMET-0006520_OADMET-0006232,3.942823076719449,-6.927385307573058,0.6458828835483116,743.3057861328125,101.0,0.010847780468378199,,-10.870208384292507,0.6141883175030343,1242.0137939453125,21.0,0.012463768660098573,
372,rbfe_OADMET-0006520_OCNT-2316441,-2.8689367832746875,12.419248730056069,2.372329109933435,893.6532592773438,41.0,0.0005313771331614259,,15.288185513330756,3.4078283255860904,1103.6097412109375,21.0,0.00120998802740091,
372,rbfe_OADMET-0006612_OADMET-0006232,-1.86386229759402,-0.6181761125959915,0.7303150620204608,749.5244140625,521.0,0.010996168604320178,,1.2456861849980285,0.7170110927662192,1155.345703125,21.0,0.021318094439130353,
373,rbfe_OADMET-0006493_OADMET-0006428,7.909100169279037,6.415511836457401,2.0032960232561052,857.1102905273438,461.0,0.0012068271132942288,,-1.493588332821637,2.512368726626995,1231.41455078125,21.0,0.0013825160730456254,
373,rbfe_OADMET-0006497_OADMET-0006493,-2.097053455564712,42.65279415654692,2.397933692202949,774.00537109375,481.0,0.001049859928908603,,44.74984761211163,2.0272993636064527,1160.980712890625,21.0,0.0012718898424622926,
382,rbfe_OADMET-0006220_OCNT-2317556,7.783868021367411,-66.27966873564748,1.4669025631672503,523.778564453125,1221.0,9.709270554281169e-05,,-74.06353675701489,2.274095034010242,1091.145751953125,21.0,0.0017944220597693183,
384,rbfe_OADMET-0006324_OADMET-0006299,-1.176361404411125,27.56936374015393,1.168542795601808,715.7091674804688,281.0,0.012749830891354508,,28.745725144565053,1.1251447328033766,1045.715576171875,21.0,0.012414681999351806,
384,rbfe_OADMET-0006431_OADMET-0006102,-3.988291555751687,76.71912573482994,2.389832321999245,630.9025268554688,581.0,0.0021392383469148735,,80.70741729058163,1.7117049770078518,1218.225341796875,21.0,0.002280855753935107,
384,rbfe_OADMET-0006431_OADMET-0006218,-2.3365779245606504,52.2844453782619,1.2979178339007862,916.2063598632812,441.0,0.0018788649042055239,,54.62102330282255,1.175929922618747,868.9993896484375,21.0,0.001755341421819323,
384,rbfe_OADMET-0006431_OADMET-0006299,-2.6580242378140184,73.2291472781053,1.3503991008221143,537.15283203125,721.0,0.0012665977778552051,,75.88717151591932,1.7915800875201389,1221.7855224609375,21.0,0.002055435606279854,
384,rbfe_OADMET-0006431_OADMET-0006375,0.4253954491822327,-50.90975439321961,2.0519499398977388,766.0194091796875,521.0,0.0022886298550244266,,-51.33514984240184,1.8054473920320155,1165.123046875,21.0,0.0024319383886388657,
384,rbfe_OADMET-0006431_OADMET-0006396,-2.4560558973461184,69.34414104394472,1.464498018961165,467.47637939453125,1121.0,0.0021130755590601513,,71.80019694129084,1.2375382745317975,1109.7205810546875,61.0,0.002783416896124713,
384,rbfe_OADMET-0006431_OADMET-0006460,-3.164536262255524,-155.74536982540397,1.9919222262823348,417.1314392089844,561.0,0.001360307046893161,,-152.58083356314845,2.5968145506620504,1321.0303955078125,21.0,0.001792140417173016,
384,rbfe_OADMET-0006431_OCNT-2316194,-2.4658473052612777,53.17905028376717,1.5637054369482772,1008.9161376953125,141.0,0.002913249093867143,,55.644897589028446,3.0098745244243474,985.235107421875,21.0,0.0024001398148292274,
384,rbfe_OADMET-0006452_OADMET-0006272,-1.0260452146178525,-11.337000035648227,0.4851900222511715,535.5374755859375,761.0,0.016597314167603794,,-10.310954821030375,0.7129037875723412,1151.1553955078125,21.0,0.019700150580854614,
384,rbfe_OADMET-0006452_OADMET-0006431,-2.7891827132968103,-77.67408603557264,1.355675919000337,502.3255920410156,461.0,0.0008915750461987448,,-74.88490332227583,1.0217615469193253,1068.8131103515625,21.0,0.0012271526190410498,
385,rbfe_OADMET-0006217_OADMET-0006193,-5.661456987004236,2.9809189662628373,1.813696998210008,751.1012573242188,361.0,0.0031640525586615897,,8.642375953267074,1.7646911428452816,1159.8963623046875,21.0,0.0019486383618309011,
385,rbfe_OADMET-0006307_OADMET-0006193,-0.2226088179289451,-14.970968133146185,1.481861868680356,501.0418395996094,881.0,0.0014607870667899814,,-14.74835931521724,1.3309380366305188,1029.90185546875,161.0,0.0025622817663718545,
385,rbfe_OADMET-0006437_OADMET-0006193,8.58939186815394,-13.667234359217941,2.101865121504948,773.2822265625,401.0,0.001725268799344093,,-22.256626227371882,2.1076275988428383,1116.931884765625,61.0,0.0017361230765410296,
385,rbfe_OADMET-0006478_OADMET-0006193,5.308404694640011,-16.100462968355227,1.6185425970584468,826.9763793945312,641.0,0.0010081850622670752,,-21.408867662995238,3.564716956359939,560.79541015625,21.0,0.0017261123099641118,
385,rbfe_OADMET-0006505_OADMET-0006193,-1.3730014294176058,-18.012569560863625,0.8850691884995908,471.48443603515625,861.0,0.00626254994789166,,-16.63956813144602,1.1276261070394509,1332.204345703125,21.0,0.007969516194535897,
385,rbfe_OCNT-1965945_OADMET-0006193,-4.962184178594972,0.546243885116908,1.7598964614138548,406.22198486328125,941.0,0.0014938480611211835,,5.5084280637118805,2.112236970816527,1155.1502685546875,41.0,0.003309217145997967,
386,rbfe_OADMET-0006216_OCNT-1965882,-4.879385830808317,72.41812908610116,1.3332427105912357,1024.8121337890625,101.0,0.002377735833887562,,77.29751491690948,1.5682647527279288,1227.5394287109375,41.0,0.0023129854623678003,
397,rbfe_OADMET-0006236_OADMET-0006174,2.532707181551814,89.34509569657676,0.5628525300643838,1130.8919677734375,41.0,0.01593524454654638,,86.81238851502495,0.9821564192524351,1261.6455078125,21.0,0.01401182636772913,
397,rbfe_OADMET-0006236_OADMET-0006205,5.459197696923173,11.630170593924607,1.4675767530087815,653.617431640625,421.0,0.0012819427105259518,,6.170972897001434,1.483519077890091,1326.50244140625,41.0,0.0015384481543428974,
397,rbfe_OADMET-0006356_OADMET-0006236,-8.53616715063339,-62.84540737513753,2.1077631541256463,779.7381591796875,241.0,0.003741175586585932,,-54.309240224504144,2.2259631789220484,1098.713623046875,81.0,0.003236852279071334,
397,rbfe_OADMET-0006467_OADMET-0006236,1.8232853071298225,69.93052406012586,1.2870221688910766,885.9173583984375,21.0,0.0026137088610813652,,68.10723875299604,1.2851392061661744,1285.4219970703125,81.0,0.0020685280385376315,
397,rbfe_OADMET-0006583_OADMET-0006236,-2.156035333392253,-83.5215015529526,2.1981117273616455,473.61346435546875,1201.0,0.0017480248942439713,,-81.36546621956035,1.5664335356042858,1296.8939208984375,21.0,0.001940812143763182,
397,rbfe_OADMET-0006583_OCNT-2318074,5.910537051100221,-56.41913444356541,1.5083856998895477,968.5739135742188,41.0,0.002231323136224428,,-62.32967149466563,1.9754943817277126,1106.119140625,21.0,0.002509137643506021,
402,rbfe_OADMET-0006204_OADMET-0006200,-0.746881336089146,79.07569576804896,0.4549437657813454,613.202392578125,721.0,0.03295996300766202,,79.8225771041381,0.4289101325411401,1151.27880859375,21.0,0.03483556231603169,
402,rbfe_OADMET-0006408_OADMET-0006204,-0.50269676429828,-13.093739838698054,0.31189225969895207,541.1826782226562,461.0,0.03318454022606898,,-12.591043074399774,0.3052170085146908,1239.31689453125,21.0,0.04284728799935378,
402,rbfe_OADMET-0006412_OADMET-0006416,1.0685244924186197,-8.728844645669046,0.6042725685770547,565.3671264648438,421.0,0.023579670320143187,,-9.797369138087666,0.6564239424080061,1074.6107177734375,21.0,0.021574425720270574,
402,rbfe_OADMET-0006420_OADMET-0006412,3.4094207745076464,8.005674088615494,0.6986436338861581,751.3452758789062,261.0,0.00409037667050649,,4.596253314107848,1.3106214916173675,1243.1793212890625,61.0,0.0030682124113414755,
402,rbfe_OADMET-0006424_OADMET-0006408,3.0114127354713998,8.504276117515285,1.4271329415986234,703.55810546875,261.0,0.002048271027559556,,5.492863382043886,2.1767102147242725,1279.0709228515625,21.0,0.0020353766085449143,
402,rbfe_OADMET-0006449_OADMET-0006200,-0.5264089460141577,103.41802258177975,1.3218635776920356,680.2254028320312,641.0,0.0019535107912215244,,103.94443152779391,1.2746713972445718,947.9591674804688,21.0,0.0026151188893260846,
402,rbfe_OADMET-0006449_OADMET-0006308,-4.495087266947587,-18.798540434108205,2.111512989329501,328.3502197265625,381.0,0.0032648566556020553,,-14.303453167160617,1.7761472991501803,1142.739013671875,41.0,0.0030701773006841515,
402,rbfe_OADMET-0006449_OADMET-0006416,-2.823476115273266,41.7638308604696,1.4526359556944588,538.4318237304688,921.0,0.0052901401105581725,,44.58730697574286,1.9414062011415198,1203.06494140625,21.0,0.004368073644503201,
402,rbfe_OCNT-2308475_OADMET-0006453,-1.817631701151731,-16.53165778336328,0.5494909931905878,768.03955078125,461.0,0.019851323618508054,,-14.714026082211548,0.5532435745819412,1130.1014404296875,141.0,0.020314845284486793,
403,rbfe_OADMET-0006199_OCNT-2316557,-1.135492555290206,42.037102765033936,1.4303961031016703,555.5142211914062,421.0,0.003049143778454,,43.17259532032414,1.6411840773516955,1364.801513671875,61.0,0.004229142190240731,
413,rbfe_OADMET-0006195_OADMET-0006189,3.3497378166293093,18.880161379092588,0.4976963323666094,851.9945678710938,201.0,0.02020900521089153,,15.530423562463278,0.643544469822484,1220.641845703125,21.0,0.020417087552129898,
413,rbfe_OADMET-0006370_OADMET-0006198,-1.5307160076377713,-47.78668768050203,1.991535818088153,666.0746459960938,441.0,0.0032165644166257668,,-46.255971672864256,1.2621022710163723,892.3428344726562,581.0,0.0025931241593643017,
413,rbfe_OADMET-0006406_OADMET-0006195,-8.469179136430107,-42.73484135327541,1.3321573215839286,964.2476196289062,121.0,0.0011616450494575936,,-34.2656622168453,2.420237429431788,1219.798828125,41.0,0.0025224186018731887,
413,rbfe_OADMET-0006488_OADMET-0006370,3.781091855745103,-39.34322527417418,0.3925295606838023,1143.466796875,41.0,0.02064626353112209,,-43.124317129919284,0.5978637962752786,1223.02685546875,61.0,0.020090904024911427,
413,rbfe_OADMET-0006488_OADMET-0006388,2.655277995210511,-76.57670966907355,0.5083726026463933,677.3645629882812,301.0,0.019392167001850646,,-79.23198766428406,0.6500427278410271,1089.1778564453125,61.0,0.02277891956839473,
413,rbfe_OADMET-0006496_OADMET-0006198,-0.8122248473539235,4.301714111841069,0.7215989809975443,1024.0142822265625,101.0,0.007216057490609384,,5.113938959194993,1.3179475665097922,1240.5841064453125,41.0,0.006751735704333517,
413,rbfe_OADMET-0006496_OADMET-0006406,5.799163003575515,53.21627082729866,1.1270523321403054,1174.8594970703125,181.0,0.0011602457350233797,,47.41710782372314,1.8805110678703187,1200.467041015625,21.0,0.00392138789955232,
413,rbfe_OADMET-0006535_OADMET-0006388,0.4332666531894418,-20.774776566251678,3.206743686034362,838.807373046875,521.0,0.000860496933848709,,-21.20804321944112,1.265463954656522,1171.0430908203125,41.0,0.000734242460485035,
413,rbfe_OADMET-0006535_OADMET-0006537,6.181195113126739,11.298006135930507,0.9674090421123698,777.6481323242188,21.0,0.0005268705086092229,,5.116811022803768,1.5291374277956715,1127.58349609375,21.0,0.0015231648731390823,
413,rbfe_OADMET-0006535_OCNT-2311249,-2.6337191697022746,96.14024928712145,4.3472576785336114,679.20751953125,341.0,0.0003922548813530824,,98.77396845682372,1.7107477296339673,1188.9342041015625,21.0,0.0006776969998805171,
414,rbfe_OADMET-0006319_OADMET-0006323,1.5792428773872018,-91.45422552110828,0.32961842230169386,721.4127807617188,701.0,0.04126072607994613,,-93.03346839849549,0.5172064451921402,949.0272827148438,21.0,0.033734378699564305,
416,rbfe_OCNT-2317632_OADMET-0006186,-1.0521730824987543,74.09507488429462,1.3093720844817462,991.2718505859375,101.0,0.005096731014947675,,75.14724796679337,1.3359223998167467,1219.3184814453125,21.0,0.0039963092735092465,
422,rbfe_OADMET-0006429_OADMET-0006132,1.9858381726794097,9.297384082389662,0.7810517056164887,772.666259765625,221.0,0.02061029397848191,,7.311545909710253,0.5533544199229075,1440.6053466796875,21.0,0.020172058266746173,
422,rbfe_OCNT-2313609_OCNT-2315609,-1.8823759643773317,-126.64529666443964,1.5269738462414535,661.2285766601562,121.0,0.0010344534993954602,,-124.76292070006231,2.2124598027131728,968.93212890625,61.0,0.001196744852838938,
422,rbfe_OCNT-2315609_OADMET-0006132,10.037927845012618,94.22827303326171,3.023740806959282,445.4425964355469,181.0,0.0009239904874310811,,84.1903451882491,4.035542856867667,1019.2542724609375,41.0,0.000546660755116446,
422,rbfe_OCNT-2315609_OADMET-0006180,1.0943676162608114,74.56139611632089,2.4715460713524178,546.362548828125,421.0,0.0001714037310219796,,73.46702850006008,1.0028141698919768,1179.433837890625,21.0,0.0006511710528407377,
422,rbfe_OCNT-2315609_OADMET-0006280,-1.2314936755230548,88.01607268326448,0.8497647356707031,718.4644165039062,601.0,0.0004497235823045509,,89.24756635878754,1.0769303499601834,1149.3116455078125,61.0,0.0005672649132393293,
422,rbfe_OCNT-2315609_OADMET-0006536,-0.4361913357906815,182.77787738977776,1.8162771087805043,584.8683471679688,541.0,0.0006139005414446119,,183.21406872556844,2.277702333856822,1238.0064697265625,21.0,0.0007628958947664133,
422,rbfe_OCNT-2315609_OADMET-0006557,2.831632295987136,11.91698568229124,2.386478724420924,756.7307739257812,341.0,0.0006260645906335238,,9.085353386304105,1.5705362077518399,1370.5179443359375,21.0,0.0007728427113729008,
422,rbfe_OCNT-2315609_OADMET-0006561,-2.835711180513556,173.8077794395655,1.5423490486460603,473.7750549316406,881.0,8.621154023602529e-05,,176.64349062007906,2.8369432607401692,933.958740234375,21.0,0.0004172631962101603,
422,rbfe_OCNT-2315609_OADMET-0006570,3.3730268300090245,161.90297987679745,2.7470307402215086,499.736328125,421.0,0.001064059500677672,,158.52995304678842,1.3092000455379431,1246.3194580078125,21.0,0.0009655091474648492,
423,rbfe_OADMET-0006179_OADMET-0006389,-2.8843459129740268,180.618985778092,0.94993766405073,744.1217041015625,801.0,0.004855282045136966,,183.50333169106602,2.248383428068575,935.8259887695312,21.0,0.003187027191029146,
423,rbfe_OADMET-0006367_OADMET-0006179,-0.0997546059628504,47.102600760036665,1.2948649845141624,499.9921875,721.0,0.005135316554410241,,47.202355365999516,2.012177646502228,1272.162353515625,21.0,0.004208952361746121,
423,rbfe_OCNT-2315483_OADMET-0006179,0.2232035857140601,-202.81613233339826,0.9178086154559675,676.6792602539062,741.0,0.005687135037919067,,-203.03933591911232,2.035403746476587,885.071533203125,21.0,0.006375659487224294,
430,rbfe_OCNT-2317682_OADMET-0006172,3.8768105260644816,-56.940158590075434,1.00817948213273,931.8104248046875,41.0,0.0030831800822034294,,-60.816969116139916,1.8438619301842685,980.4312133789062,21.0,0.00267071957880316,
435,rbfe_OADMET-0006282_OADMET-0006243,0.2865597925609933,60.27402553667635,1.147692933701274,797.9780883789062,61.0,0.0022198608625474403,,59.987465744115354,1.1105854410419582,1363.643798828125,21.0,0.001963407048387378,
435,rbfe_OADMET-0006365_OADMET-0006167,-4.075245037724727,152.4872569017016,1.8988311836543659,658.405029296875,421.0,0.0031218553537115667,,156.56250193942634,2.3861742094614438,673.28369140625,1101.0,0.0037507664317938394,
435,rbfe_OADMET-0006365_OADMET-0006254,-3.4499366716352,120.72952324313306,2.699571699182001,674.8921508789062,761.0,0.0015227882572493856,,124.17945991476826,1.9385867776234873,1346.057861328125,21.0,0.0014865684979874505,
435,rbfe_OADMET-0006365_OADMET-0006258,-3.6513160920886776,147.38100507668048,2.457358332892469,544.3363037109375,981.0,0.0024980464569220873,,151.03232116876916,1.6996099464423116,997.2970581054688,21.0,0.0013755325330161439,
435,rbfe_OADMET-0006365_OADMET-0006282,0.4101337927282742,83.98475433720412,1.6783963673028464,544.4251098632812,881.0,0.0014437052153163377,,83.57462054447585,2.2149878880768514,1212.1292724609375,21.0,0.0022097083598190403,
435,rbfe_OADMET-0006475_OADMET-0006167,0.8162572055516364,-25.91148343771668,1.1123393954801861,726.0032348632812,461.0,0.0056625503419232,,-26.727740643268316,1.3958869489139705,1134.9871826171875,21.0,0.0064962479959916886,
435,rbfe_OADMET-0006607_OADMET-0006602,-3.714666315483981,73.69324227310764,1.2976998901083805,699.5715942382812,881.0,0.0016890573841478185,,77.40790858859162,1.8530088538214917,1059.18505859375,21.0,0.0016862883956729746,
435,rbfe_OCNT-2311806_OADMET-0006361,0.5485183135949754,-17.53121380431502,0.7186841599225879,783.6366577148438,201.0,0.012164485305095951,,-18.079732117909995,1.0432449682869993,1079.52978515625,41.0,0.01278286641058568,
435,rbfe_OCNT-2311806_OADMET-0006365,2.73386757711205,-158.16090754099378,1.467717396545532,654.4254760742188,461.0,0.0015335627829633491,,-160.89477511810583,1.8317071268634193,1329.176513671875,81.0,0.0024287312252041504,
435,rbfe_OCNT-2311806_OADMET-0006602,1.075295458878001,4.552468289998729,1.9780373476075799,607.3312377929688,741.0,0.0008919040649738585,,3.477172831120728,1.8327666933154023,1182.6790771484375,21.0,0.001138581192450916,
437,rbfe_OCNT-2317538_OADMET-0006165,4.937313413427888,12.931669159992646,0.8524638427249873,889.5726318359375,141.0,0.0045106140239049575,,7.994355746564758,1.7926260690473623,956.2813110351562,21.0,0.003369595421250371,
44,rbfe_OCNT-2312239_OADMET-0006573,4.536921856766028,63.50480469602785,1.8389951621162128,578.17333984375,781.0,0.0015873037650756538,,58.96788283926182,2.1284023237206267,1163.369873046875,21.0,0.0024851754204205934,
443,rbfe_OADMET-0006298_OADMET-0006249,1.1181429701018857,-94.83910690108041,0.6075321276994948,693.3592529296875,301.0,0.013373833179098349,,-95.9572498711823,0.9620075840048578,1260.4381103515625,21.0,0.014058434112073193,
443,rbfe_OADMET-0006305_OCNT-2310554,1.3290594429284397,-118.08002960900417,1.2385697363245907,558.675048828125,321.0,0.00325254009278908,,-119.40908905193261,1.7094517145396413,1109.748046875,61.0,0.0032852424570241068,
443,rbfe_OADMET-0006328_OADMET-0006298,2.111296240695985,55.48437979866079,0.5585950098744368,858.9534301757812,341.0,0.018937942429716803,,53.373083557964804,0.6898351186514584,1331.8828125,21.0,0.018122715373345533,
443,rbfe_OADMET-0006582_OADMET-0006260,-0.3717615280160657,-35.93979240878021,0.7085184215525545,758.758544921875,761.0,0.008666108838776498,,-35.56803088076414,1.2840638274922835,1168.4488525390625,21.0,0.008958889090268096,
443,rbfe_OCNT-2310554_OADMET-0006158,0.181530254664807,111.66983420390062,1.9272252950348814,302.2852783203125,1121.0,0.002986148338857464,,111.48830394923581,2.0802446977226845,1329.482666015625,21.0,0.0029930010465223367,
443,rbfe_OCNT-2310554_OADMET-0006260,1.211055926033552,112.84094122530038,1.5487419331154542,514.7678833007812,641.0,0.002543740398957439,,111.62988529926683,1.5493741233294658,1193.2989501953125,21.0,0.0028325566346910636,
443,rbfe_OCNT-2310554_OADMET-0006298,-3.514533512174296,147.64093360461555,1.2881743771860485,997.41748046875,81.0,0.002535632318242609,,151.15546711678985,2.0785622707207,1257.9964599609375,21.0,0.0020830634332864584,
444,rbfe_OADMET-0006184_OADMET-0006157,-1.31411560239577,-9.366350434521678,0.09546207956065685,666.7982788085938,561.0,0.16847367252031353,,-8.052234832125908,0.07981275635171103,1182.5638427734375,21.0,0.15476314056055662,
444,rbfe_OADMET-0006184_OADMET-0006605,1.7690157167707703,-28.335543917851762,2.0360841664548084,834.1432495117188,261.0,0.003183156895991801,,-30.104559634622532,1.7883493936727406,1056.3441162109375,21.0,0.0038488540184130615,
444,rbfe_OADMET-0006184_OCNT-2316690,-0.5373735126974186,-1.3354639621816407,0.3698972925703053,821.8126831054688,621.0,0.035217050836504504,,-0.798090449484222,0.43697737551784865,867.990478515625,21.0,0.03650348225489719,
448,rbfe_OADMET-0006267_OADMET-0006152,1.9828876972272331,-0.2911016841421284,0.5900684318461652,780.5949096679688,241.0,0.021874507749530148,,-2.2739893813693617,0.5303323672484097,1103.3306884765625,21.0,0.023640735330495044,
448,rbfe_OADMET-0006377_OADMET-0006152,3.0814506468771405,5.64482321788918,1.7678323191137695,855.4528198242188,361.0,0.0019178431395384665,,2.5633725710120396,2.145491452790377,1087.85693359375,181.0,0.001557484135397913,
448,rbfe_OADMET-0006377_OADMET-0006247,0.9972165945359706,-54.074527579066874,2.9574927951120173,783.4932861328125,21.0,0.000866422237577491,,-55.071744173602845,1.6614368687624024,785.7659912109375,101.0,0.0006994121670180764,
448,rbfe_OADMET-0006483_OADMET-0006377,0.0882140481903661,31.902767900766538,1.72666362179161,910.5574951171875,321.0,0.0001025505470642063,,31.81455385257617,1.3699268906935216,1445.2890625,21.0,0.0005266036094374593,
448,rbfe_OADMET-0006502_OADMET-0006267,-2.15676461333956,-4.244787420044575,0.44755623963581265,621.6420288085938,521.0,0.009425857978075824,,-2.088022806705015,0.7052208915025742,1027.4681396484375,281.0,0.018619409344016846,
448,rbfe_OADMET-0006598_OADMET-0006152,-3.482207150782262,10.998901123872802,0.44758247718164285,662.9783325195312,341.0,0.02296298204067493,,14.481108274655064,0.464940707923977,1375.3377685546875,21.0,0.029694921834654497,
448,rbfe_OCNT-2318346_OADMET-0006377,-1.1015269907591163,-8.059790275442753,2.2551873398264575,604.64306640625,581.0,0.00043585101551768535,,-6.958263284683636,2.108010728617673,1179.83251953125,21.0,0.0010513063690721358,
450,rbfe_OADMET-0006440_OADMET-0006532,3.48611841354929,-12.132086565952344,1.2547533190725657,627.41845703125,321.0,0.005042117680204905,,-15.618204979501634,1.1330105869377585,913.1302490234375,21.0,0.005309444215320203,
450,rbfe_OADMET-0006532_OADMET-0006150,2.998808760512276,-126.335413124936,1.4644204645313355,891.7022705078125,141.0,0.001879042270275133,,-129.33422188544827,1.2946886934778254,1069.6737060546875,41.0,0.0022800962495607147,
450,rbfe_OADMET-0006532_OADMET-0006559,6.4380018667765455,-211.74378750680748,1.3393868632359414,763.3615112304688,41.0,0.0024788853882339312,,-218.18178937358402,2.774354371881914,829.9318237304688,21.0,0.0021395554334721067,
450,rbfe_OCNT-2309628_OADMET-0006532,3.619241710128744,-7.433256127888891,1.3115794891180286,583.5747680664062,741.0,0.0014910237294536444,,-11.052497838017635,1.638690078198141,1151.5574951171875,81.0,0.0021670658498054163,
454,rbfe_OADMET-0006170_OADMET-0006135,-5.906481567274373,-34.852807117880396,0.9976684283451948,543.1463012695312,721.0,0.00369515698702505,,-28.946325550606023,1.6879517380346578,1094.8380126953125,161.0,0.0031916300396238606,
454,rbfe_OADMET-0006463_OADMET-0006135,-3.179095332858342,29.941559671937124,1.2083725256951126,982.5266723632812,141.0,0.002635030357937329,,33.120655004795466,1.1416847285783778,1030.407470703125,21.0,0.0023165078772878767,
454,rbfe_OADMET-0006463_OADMET-0006146,-3.852610628871759,-55.90876358266076,1.2741663909927199,763.7808227539062,721.0,0.0012971731901679773,,-52.056152953789,2.5015992958310327,1018.135498046875,41.0,0.0013307814821851283,
454,rbfe_OADMET-0006463_OADMET-0006257,-11.443584368837026,-16.659555860878815,1.9923515480897007,608.3670043945312,761.0,0.0018389168209780316,,-5.215971492041788,1.4907474644017427,1158.8006591796875,21.0,0.001629836066378565,
454,rbfe_OADMET-0006463_OADMET-0006504,0.9966498639006716,35.80990084134479,1.1039302391304633,602.8065795898438,661.0,0.006571704305884829,,34.81325097744412,1.866021954359628,990.3380126953125,21.0,0.005589166440071014,
454,rbfe_OADMET-0006463_OADMET-0006610,-3.901733790184228,19.020094008770545,1.6074079632782656,692.3779907226562,361.0,0.00847220130753068,,22.921827798954773,1.6347998784545739,933.6275634765625,41.0,0.00763185399097388,
454,rbfe_OCNT-2318059_OADMET-0006146,-1.7753843614712397,-86.85794683066463,1.2826872411515817,674.2005004882812,141.0,0.003029257442419775,,-85.08256246919339,1.541733494227484,1203.318603515625,21.0,0.0036166173050959927,
455,rbfe_OADMET-0006425_OADMET-0006145,9.880575012797834,33.13294696395489,1.1931822653643218,887.0853271484375,201.0,0.001052155474226102,,23.25237195115706,2.2735389828512247,824.0015258789062,761.0,0.0012829998566613598,
455,rbfe_OADMET-0006425_OADMET-0006359,7.284438688574699,31.28157586396553,1.2417020819207487,712.486328125,281.0,0.0016422441817156574,,23.99713717539083,2.1458602576839145,921.4078369140625,61.0,0.002030073249459474,
455,rbfe_OADMET-0006425_OADMET-0006364,-4.585848510839142,43.06907554306619,1.661184069893976,770.933349609375,341.0,0.0008446955093412978,,47.65492405390533,1.8347906529959301,1328.283447265625,61.0,0.0016211521470541612,
455,rbfe_OADMET-0006425_OADMET-0006543,5.982700210501633,-85.91137432562738,2.09448807504183,770.9973754882812,321.0,0.0010769973284507905,,-91.89407453612901,1.0113251451798455,1171.950439453125,21.0,0.0014296080988673854,
455,rbfe_OADMET-0006508_OADMET-0006425,0.6805786391401796,-83.12691554852235,2.4074370731536727,678.7298583984375,41.0,0.0002880468966153238,,-83.80749418766253,2.794462693736245,1159.6201171875,141.0,0.0009399902761959567,
455,rbfe_OADMET-0006576_OADMET-0006508,-0.3989801872524197,37.02193926816504,1.2078559760452376,674.1841430664062,261.0,0.0020180491487366004,,37.42091945541746,1.5036516038634353,1129.4532470703125,21.0,0.003313330474927323,
455,rbfe_OADMET-0006576_OCNT-2311292,0.9322181591630708,-20.197493329601816,2.6363249008616108,769.9146118164062,761.0,0.00025664171716355266,,-21.129711488764887,1.8868966677885275,1155.7860107421875,21.0,0.0008365495460027628,
455,rbfe_OADMET-0006614_OADMET-0006359,0.4891006842892267,29.123714411670658,1.0463613093487492,682.95654296875,1001.0,0.0031290372212241513,,28.63461372738143,1.2288729021985554,948.9478759765625,21.0,0.0034772026473118833,
455,rbfe_OCNT-2316432_OADMET-0006425,-6.388730694095351,-51.18843179109676,1.789458354165264,455.5409240722656,881.0,0.0010215762814741458,,-44.79970109700141,1.5891485147694364,1247.935546875,21.0,0.0014524634231884992,
456,rbfe_OADMET-0006355_OADMET-0006144,1.04937109582686,23.98936303209973,1.337220535063941,976.73388671875,341.0,0.0039519291310680105,,22.93999193627287,2.117518590343606,1132.2525634765625,21.0,0.0021580554957638665,
456,rbfe_OADMET-0006398_OADMET-0006144,0.0637634553736434,4.321398056252943,0.6018208441419406,925.1103515625,261.0,0.0071243503301579025,,4.2576346008793,1.5504123429860712,1252.2208251953125,21.0,0.0058466214568498875,
456,rbfe_OADMET-0006411_OADMET-0006398,-4.454080496394585,-21.55586069853765,0.7770960379447838,629.3554077148438,561.0,0.011480058223724776,,-17.101780202143065,1.9412826486985555,316.5999450683594,1481.0,0.008509453544694234,
456,rbfe_OADMET-0006447_OADMET-0006144,-3.574137003197322,-44.18920293312732,1.101622292983107,792.0704956054688,561.0,0.006627199273418483,,-40.61506592993,1.1323711856437133,1171.57666015625,21.0,0.007250313979213385,
456,rbfe_OADMET-0006524_OADMET-0006355,0.9677419300823544,192.82862443676422,0.8381985458143695,904.277587890625,61.0,0.011021077619104536,,191.86088250668186,1.2686926250100505,1137.098388671875,21.0,0.006848404272255193,
456,rbfe_OCNT-2316557_OADMET-0006144,4.6270680522597445,-38.325378935858225,0.4253265814627779,733.398681640625,141.0,0.032258339522337254,,-42.95244698811797,0.6187354190638511,1027.0465087890625,101.0,0.022727842599105097,
456,rbfe_OCNT-2316920_OADMET-0006447,0.489166202382961,-50.34915362200295,0.7794559064090012,871.516845703125,381.0,0.0005050773721612112,,-50.83831982438591,1.3656401266334703,1086.0208740234375,61.0,0.0006199634481480754,
458,rbfe_OADMET-0006141_OCNT-2318568,-2.634497130705705,8.042023275553676,2.5362801657872085,840.1284790039062,301.0,0.0028312265473404707,,10.676520406259382,2.2485183637673813,1106.005126953125,21.0,0.0024148437492773622,
468,rbfe_OADMET-0006131_OADMET-0006393,-5.599243715315673,-2.764263334372298,0.7261227230432493,911.66796875,621.0,0.0067605912337666,,2.834980380943375,0.7161299605012251,1268.803466796875,21.0,0.009811102144571038,
468,rbfe_OADMET-0006149_OADMET-0006393,-1.5241783041721604,27.84681674050502,0.9073883542399194,703.994873046875,401.0,0.015516007913857544,,29.37099504467718,0.763874923629483,1266.238037109375,21.0,0.015127643667235291,
469,rbfe_OADMET-0006130_OCNT-2317682,7.291536391902049,53.80302496882565,1.9492501948012158,713.7431030273438,421.0,0.0005051118080537931,,46.511488576923604,1.6526317230204242,1137.7498779296875,21.0,0.0011669591111164168,
471,rbfe_OADMET-0006128_OCNT-2318059,-7.318113960167395,16.206210451091295,1.5784533919142085,617.6818237304688,781.0,0.0008512244029481586,,23.52432441125869,3.6329698822121,1012.4339599609375,101.0,0.001272666912443099,
471,rbfe_OADMET-0006482_OADMET-0006128,-0.7680042941499785,31.388125283860372,0.6311530545933337,1068.932373046875,21.0,0.010092643590767558,,32.15612957801035,0.8362969785077753,1145.0238037109375,21.0,0.015282426682820094,
471,rbfe_OADMET-0006482_OADMET-0006148,-5.560662901413259,45.33362013027845,0.7242259148869018,872.6141357421875,381.0,0.006300238106943801,,50.89428303169171,1.1767806937550591,1140.383544921875,41.0,0.006428005488442579,
474,rbfe_OADMET-0006129_OADMET-0006125,1.636801155568561,-0.15816107443109198,1.2548237577583121,650.1780395507812,481.0,0.006765943348283732,,-1.7949622299996533,1.5684887797073523,1078.3311767578125,21.0,0.00655244782723996,
474,rbfe_OADMET-0006303_OADMET-0006129,0.4641444588706349,41.71364690756118,0.6486837861528069,715.8169555664062,261.0,0.012217593811328142,,41.24950244869054,0.9132758540132577,1169.540771484375,141.0,0.013542584149178305,
474,rbfe_OADMET-0006366_OADMET-0006125,0.9847023489752758,-20.45539132487047,0.5885590795334992,1134.435302734375,101.0,0.009446103053449728,,-21.440093673845745,0.9910556454792538,1234.3172607421875,21.0,0.009360770451915967,
474,rbfe_OADMET-0006540_OADMET-0006125,-0.7057806441964303,-31.508124264940538,1.3562934409956973,782.4187622070312,301.0,0.0036970157433450224,,-30.802343620744107,1.9438210169235608,1299.343994140625,21.0,0.0036482506590453934,
474,rbfe_OADMET-0006542_OADMET-0006546,-3.246548746883856,4.677007162104052,0.4987261188851316,708.9552001953125,821.0,0.01418643904350847,,7.9235559089879075,0.9508647700809739,1267.4547119140625,41.0,0.01432873186298489,
474,rbfe_OADMET-0006606_OADMET-0006125,3.844797979363976,8.97958661011316,1.2913180694967754,673.4192504882812,481.0,0.005309790850483331,,5.134788630749184,1.3573728113459402,1323.0987548828125,21.0,0.0058958072925582306,
474,rbfe_OADMET-0006606_OADMET-0006462,1.784115687890953,46.28414002735839,0.5224184176136734,893.4338989257812,361.0,0.01864999662386535,,44.50002433946744,0.896647455455189,1054.50439453125,21.0,0.01906012379390376,
474,rbfe_OCNT-2311187_OADMET-0006202,0.7219937044688862,-19.37082399253223,1.2389929487011355,743.3435668945312,441.0,0.0013451573551286344,,-20.092817697001117,1.3587366375282932,1261.866455078125,41.0,0.002211531307062753,
474,rbfe_OCNT-2311187_OADMET-0006366,-0.0398540859843183,-15.49468156088551,0.9299422138207833,580.8045043945312,1041.0,0.004573784054880625,,-15.454827474901192,1.6358745043988991,1148.80029296875,21.0,0.0037521635841203382,
474,rbfe_OCNT-2311187_OADMET-0006542,-0.7246930166997458,-35.20368620939201,0.5435533119816924,824.0507202148438,61.0,0.007014732546379854,,-34.478993192692265,1.1046070715675107,1165.4183349609375,21.0,0.008946635397723446,
476,rbfe_OADMET-0006123_OADMET-0006224,0.0031178439564461,0.0007548041893248726,0.0027449120162249137,615.2986450195312,621.0,0.9312850866991301,,-0.002363039767121286,0.0016550841917128245,1193.793212890625,21.0,0.9338529250712428,
476,rbfe_OADMET-0006224_OADMET-0006566,0.1132368163519821,-30.060681883682875,0.1472950043006802,499.61859130859375,741.0,0.1216762459303381,,-30.173918700034857,0.181861661821747,1087.0570068359375,21.0,0.09284611437694146,
476,rbfe_OADMET-0006224_OCNT-2312559,3.1617276694814223,76.73201258070641,0.8680552389285093,804.7220458984375,361.0,0.002330598169929643,,73.57028491122499,1.6173764155436225,1120.9879150390625,21.0,0.0028722289576024185,
477,rbfe_OADMET-0006250_OADMET-0006122,-2.4495012028199525,57.2468443244903,0.5082596421022277,560.2865600585938,501.0,0.017175443983156402,,59.69634552731025,0.715996462999638,1289.168701171875,21.0,0.01897260449964233,
477,rbfe_OADMET-0006269_OCNT-2310748,2.986519751124085,-19.228923569904,1.2991399350917583,1014.3607177734375,101.0,0.0018197481128381376,,-22.215443321028086,1.5721457261960001,1052.5478515625,21.0,0.004773024578664464,
477,rbfe_OADMET-0006601_OADMET-0006269,4.222522353654533,28.6164486152514,2.0049925794411694,892.206787109375,121.0,0.0014068686982274814,,24.393926261596867,1.4951307448232731,1111.3336181640625,141.0,0.0010294640742045669,
477,rbfe_OADMET-0006616_OCNT-2310748,-6.602137658783813,6.758342515226915,0.6455360549439705,1092.8819580078125,241.0,0.003833170599472413,,13.360480174010728,1.3849775062941618,1208.0692138671875,21.0,0.0035199510505442566,
483,rbfe_OADMET-0006116_OADMET-0006222,-2.576576160119245,-75.09925875310323,1.3246151450228316,677.6437377929688,741.0,0.0016208509690536221,,-72.52268259298398,1.7941587142424795,1300.9727783203125,41.0,0.0016331526543380548,
483,rbfe_OADMET-0006336_OADMET-0006264,-1.9076121604201253,5.455575689289918,0.6662254328004277,361.9450988769531,361.0,0.008738766678290322,,7.363187849710044,1.4013531652239246,1264.9317626953125,21.0,0.008884005115370353,
483,rbfe_OADMET-0006522_OADMET-0006116,0.0926616844080863,2.3309722489846916,0.3413554231110774,734.3287963867188,461.0,0.010023208538730732,,2.2383105645766053,1.051852179070626,1477.313232421875,21.0,0.013174476387837863,
483,rbfe_OADMET-0006522_OCNT-2315472,3.89723263502822,2.9277508373762706,0.7511640283715317,684.06787109375,741.0,0.003309164391884556,,-0.9694817976519492,1.54087851581472,1332.6807861328125,21.0,0.005325614500088061,
483,rbfe_OADMET-0006567_OADMET-0006264,2.3946389396373102,-1.417463624037203,0.7926326848991541,722.2612915039062,21.0,0.011120672939883391,,-3.812102563674513,1.0115058917852437,1176.5487060546875,21.0,0.012065899201183727,
483,rbfe_OCNT-2315472_OADMET-0006264,-7.45634977518596,7.349571716668666,0.8732528109922965,859.1503295898438,501.0,0.004063639994010382,,14.805921491854626,1.3208591416504567,1314.48388671875,41.0,0.006773918731042161,
484,rbfe_OADMET-0006251_OADMET-0006151,-1.9496617427348573,-31.924675554967234,1.335699796970337,1026.04345703125,241.0,0.0004980053106730109,,-29.975013812232376,2.216643787583867,923.5279541015625,21.0,0.0016522596663053335,
484,rbfe_OADMET-0006372_OADMET-0006155,-0.8963983194193368,27.30235352702385,0.4728195334471069,875.915283203125,301.0,0.01313438982159476,,28.198751846443187,0.8852233163709167,1078.25439453125,141.0,0.013755405927957987,
484,rbfe_OADMET-0006544_OADMET-0006552,-2.5543750579979374,34.00906944339101,0.635420378876813,648.9553833007812,541.0,0.015280312901722048,,36.56344450138895,0.9128043772858163,1114.103271484375,21.0,0.012692864877064558,
484,rbfe_OADMET-0006552_OADMET-0006155,0.9032789096806272,-5.136783596556291,1.034383319614366,521.053466796875,261.0,0.01059673331713662,,-6.040062506236918,1.182982909273328,1098.51953125,21.0,0.00977957261638629,
484,rbfe_OADMET-0006552_OADMET-0006340,-2.068984272709137,-18.972179232300256,0.8889766156306939,765.772705078125,601.0,0.009299246572650133,,-16.90319495959112,1.3199240860263477,1176.1893310546875,21.0,0.008741176706009712,
484,rbfe_OCNT-2317888_OADMET-0006115,2.374150388973618,-45.08201751478233,1.5256280985911221,921.7145385742188,61.0,0.0012757462291270727,,-47.45616790375595,1.5802941805641566,1154.917236328125,21.0,0.00224785421643503,
484,rbfe_OCNT-2317888_OADMET-0006151,7.106434393944937,-97.5448032275069,1.333640924152087,544.0287475585938,381.0,0.0015829125519349896,,-104.65123762145184,1.9869818297043538,793.6406860351562,21.0,0.0013529003728594002,
484,rbfe_OCNT-2317888_OADMET-0006225,4.41736379541976,-33.0224007147697,1.4357731060045913,935.1610717773438,221.0,0.0012407656561885805,,-37.43976451018946,1.5269708746577104,1144.635986328125,21.0,0.0019284427995208686,
484,rbfe_OCNT-2317888_OADMET-0006340,0.4213558329255633,-45.24813227434035,0.8190231179417793,750.044189453125,561.0,0.001567180283746028,,-45.66948810726591,2.4860357838771283,935.8536987304688,21.0,0.002362676452873802,
488,rbfe_OADMET-0006302_OADMET-0006111,-0.0090120815359249,-11.84516386115178,0.4346602323702278,579.63525390625,601.0,0.022486680861442232,,-11.836151779615856,0.5407667133631211,1266.0391845703125,21.0,0.022593958027765093,
488,rbfe_OADMET-0006334_OADMET-0006427,0.9603954688345198,-62.146527109432874,0.4137746117487613,628.6701049804688,561.0,0.025969670479038198,,-63.106922578267394,0.7000082871312711,1134.584228515625,21.0,0.02320753149927446,
488,rbfe_OADMET-0006334_OCNT-2309591,-1.8078070436573164,-24.264487670868824,0.6359657134890577,1023.5721435546875,121.0,0.010812564288911308,,-22.456680627211508,0.8169336846431238,1182.8426513671875,21.0,0.013394682397631308,
488,rbfe_OADMET-0006427_OADMET-0006192,0.4591674814837176,64.7195020710479,0.9632646129953352,552.2278442382812,521.0,0.004628114435942132,,64.26033458956418,1.2422189220756534,1133.471923828125,41.0,0.0068607386253753955,
488,rbfe_OADMET-0006427_OADMET-0006302,0.451642532152313,58.290608317955915,0.864019552708309,680.8319702148438,361.0,0.008662348890520533,,57.8389657858036,1.3942122134940038,1058.70849609375,21.0,0.008553727385155252,
488,rbfe_OADMET-0006477_OADMET-0006196,-0.6644060153968496,59.096505505411855,0.3452242503883334,670.5406494140625,821.0,0.04191801995537936,,59.760911520808705,0.3576396201228815,1239.8787841796875,21.0,0.03927602965884558,
488,rbfe_OCNT-2309591_OADMET-0006196,-1.592619889776017,94.1170041485829,0.6221855807141949,349.3177490234375,1421.0,0.009020888740306043,,95.70962403835891,1.2658554234400248,1064.9725341796875,21.0,0.011472185076770947,
491,rbfe_OADMET-0006266_OADMET-0006183,2.2984471361557084,26.491829146516935,0.608617992419369,340.56298828125,1421.0,0.009651747072097927,,24.193382010361226,0.9564206021868066,1048.326171875,21.0,0.011230693963382832,
491,rbfe_OADMET-0006266_OADMET-0006228,-0.7204776471260939,2.990058387528544,1.0128160558504153,571.4780883789062,561.0,0.008244580326907003,,3.7105360346546377,1.180798143558341,1096.265380859375,21.0,0.01028472899630195,
491,rbfe_OADMET-0006290_OADMET-0006244,0.1094669955374882,-55.09325272364545,1.0254948245797464,480.8625183105469,361.0,0.010884333442114036,,-55.20271971918294,0.7093006969130347,1199.1077880859375,21.0,0.01250957932732022,
491,rbfe_OCNT-2317298_OADMET-0006108,4.9829278777081285,25.551125750656613,2.595997279465295,504.9247131347656,581.0,0.0005087649459182275,,20.568197872948485,1.4868201529436267,1182.5643310546875,21.0,0.0009017884273934129,
491,rbfe_OCNT-2317298_OADMET-0006266,2.4462102888424297,-14.976898829206874,1.302505892599663,734.9673461914062,781.0,0.0035967731573962602,,-17.423109118049304,1.2973966064226798,1149.505859375,21.0,0.004449034630832238,
491,rbfe_OCNT-2317298_OADMET-0006270,4.08998258512,3.3482517286423668,0.6784792905405478,919.5310668945312,241.0,0.0032073890689372497,,-0.7417308564776324,1.6185599067569365,1192.2685546875,21.0,0.004912118401053878,
491,rbfe_OCNT-2317298_OADMET-0006290,-0.0387213145537095,3.666798170865362,1.2038706856273917,1027.7113037109375,241.0,0.0019117764192818631,,3.7055194854190714,1.8892922608258413,1203.255859375,21.0,0.0016766300718706884,
495,rbfe_OADMET-0006104_OADMET-0006281,0.3288053419905949,22.480474194265653,0.9294722362473232,817.3515014648438,461.0,0.009445987993739635,,22.15166885227506,1.6237834074061546,895.8727416992188,21.0,0.010440492006402957,
495,rbfe_OADMET-0006286_OADMET-0006281,3.014850065001246,-9.597582301858182,0.874361578098897,844.0489501953125,241.0,0.009883346237264168,,-12.612432366859428,0.8678110961059521,1194.233642578125,21.0,0.010371123057132614,
495,rbfe_OADMET-0006498_OADMET-0006281,4.013816988278171,7.835429250011316,1.8553891695960585,761.9169311523438,301.0,0.004015141409757006,,3.8216122617331454,1.6197429497664393,1057.619873046875,21.0,0.005976203893399146,
495,rbfe_OADMET-0006498_OADMET-0006591,-4.52222400565486,-2.9008343290186636,1.7827381430185094,500.4168395996094,801.0,0.0009689173512229532,,1.6213896766361966,1.4853347844436164,1429.56103515625,21.0,0.0023456684047998833,
495,rbfe_OADMET-0006498_OCNT-2317538,-1.9660465841497812,8.325894816924347,1.6442376708395123,942.8303833007812,121.0,0.002047288240248135,,10.291941401074128,2.2014635101053797,1172.071533203125,21.0,0.0016899075742292657,
495,rbfe_OADMET-0006518_OADMET-0006286,1.3095533640495685,16.336745241412466,0.48370009073488907,702.8580932617188,81.0,0.00960295533369182,,15.027191877362897,0.5463079928616219,1185.561279296875,21.0,0.014177303990005274,
496,rbfe_OADMET-0006121_OADMET-0006103,-1.0974676448926886,17.751850635914142,1.79499754089181,525.6387939453125,501.0,0.004948777328132148,,18.84931828080683,1.2262738428806916,1280.4915771484375,41.0,0.0055415254445102535,
496,rbfe_OADMET-0006435_OADMET-0006237,1.210395249531949,-39.75428064445565,0.5519465854099619,751.4966430664062,761.0,0.005436426944745887,,-40.9646758939876,1.3555430642649335,1051.5841064453125,21.0,0.007737716407818507,
496,rbfe_OADMET-0006435_OADMET-0006277,-0.7109730275014812,-99.16322087565254,2.5564767659604013,946.014892578125,121.0,0.0008286816129713381,,-98.45224784815106,2.2429219809667362,968.9156494140625,41.0,0.0007052326777600149,
496,rbfe_OADMET-0006435_OADMET-0006335,-2.291298271132576,-72.06071280012446,3.0013065224560656,440.1152648925781,641.0,0.0015521680193745224,,-69.76941452899189,2.5776074995196128,986.7584228515625,61.0,0.001436713375931209,
496,rbfe_OADMET-0006435_OADMET-0006410,4.617915713849982,-49.048624929454796,0.9967128385799446,758.1481323242188,561.0,0.0014862832119726388,,-53.66654064330478,1.5049278631185348,1188.8565673828125,21.0,0.0021199757974931233,
496,rbfe_OADMET-0006435_OADMET-0006490,4.452347466322536,-72.47840857412513,3.206753155521959,752.1834716796875,621.0,0.0009190957753189011,,-76.93075604044766,2.5152396083225397,1371.567138671875,21.0,0.0015616405101377406,
496,rbfe_OCNT-2311662_OADMET-0006103,2.7390680762374675,-8.290349444073922,1.5208544409653761,967.4993286132812,421.0,0.0004827273935167353,,-11.029417520311389,1.4711073769897884,1069.7767333984375,21.0,0.0006915075424471784,
500,rbfe_OADMET-0006099_OCNT-2317468,-4.100238369185561,-51.83724291010411,1.4663457755175073,716.5346069335938,761.0,0.001250976168990059,,-47.73700454091855,1.5793351468424908,926.6473999023438,561.0,0.0006449031523744209,
501,rbfe_OADMET-0006263_OADMET-0006147,-4.810857624809017,-37.542068696133754,1.3339173512991067,455.2161865234375,941.0,0.0008346165631969438,,-32.731211071324736,2.1506021739658787,1190.484375,21.0,0.0018492527629556665,
501,rbfe_OADMET-0006265_OADMET-0006098,-5.4397474189776,-34.29526188120257,1.4476268392436835,566.4638061523438,821.0,0.00471871688667358,,-28.85551446222497,0.8075517628791218,1238.9482421875,21.0,0.004539292946402096,
501,rbfe_OADMET-0006394_OADMET-0006098,2.102925392554942,-3.8409518311237876,0.9489305952258925,718.7987670898438,21.0,0.00821514124410938,,-5.943877223678729,0.944851175159559,1516.2249755859375,21.0,0.009976730353938978,
501,rbfe_OADMET-0006394_OADMET-0006263,-7.072470838781551,0.9637061400866613,0.9799975705659842,488.4195556640625,981.0,0.0019803382914083123,,8.036176978868212,0.9846726471198903,1141.4842529296875,21.0,0.004708932760939533,
501,rbfe_OADMET-0006500_OADMET-0006394,6.067667283233883,8.203598758907951,1.2005850084197167,519.0731811523438,1001.0,0.0002286767026640213,,2.135931475674069,1.4839056870070761,1233.923828125,61.0,0.0007329959059166891,
501,rbfe_OADMET-0006513_OADMET-0006263,-1.2135019825852282,33.25748487934968,0.39591658100523763,586.9226684570312,561.0,0.030588492399878486,,34.47098686193491,0.35252387161681503,1068.328857421875,21.0,0.039576296029077085,
501,rbfe_OADMET-0006513_OCNT-2317134,-2.2620806671977136,2.9747411228640135,0.8631812458995097,1021.098388671875,61.0,0.002560066457368615,,5.236821790061727,2.2209430363606755,819.6995849609375,101.0,0.003679921302413236,
501,rbfe_OADMET-0006556_OADMET-0006263,-0.2377714916469493,23.060325137531212,1.5975467114729889,617.5210571289062,921.0,0.0026508131369786803,,23.29809662917816,1.3125506294536948,975.1846313476562,41.0,0.0039305168057438555,
501,rbfe_OADMET-0006613_OADMET-0006263,-3.578985480847635,57.60102371242186,1.8036866335551704,641.8409423828125,621.0,0.0024712131370762114,,61.1800091932695,2.024909596637129,1008.1405029296875,81.0,0.0016177327091605465,
501,rbfe_OADMET-0006613_OADMET-0006320,4.591781498458245,-13.452580411412415,1.251926149525899,530.7770385742188,641.0,0.0021869263754936696,,-18.04436190987066,1.4140986234051622,1182.37158203125,21.0,0.0021502629903759063,
504,rbfe_OADMET-0006133_OADMET-0006095,0.4359519277841253,-2.5648689437709304,1.1048309077105816,842.334228515625,481.0,0.005710514731282257,,-3.0008208715550557,1.819795319150725,478.4609375,701.0,0.004784857963041844,
504,rbfe_OADMET-0006137_OADMET-0006133,5.8227595486826615,25.23808649983783,0.6418471566385007,673.3093872070312,421.0,0.0034230036806494057,,19.41532695115517,2.0152408146446987,1164.6761474609375,21.0,0.004797482408759879,
504,rbfe_OADMET-0006156_OADMET-0006095,3.75605117993306,63.13731989278226,0.5908947480261098,896.96435546875,381.0,0.008502237563763893,,59.3812687128492,1.14456606126315,1013.1113891601562,21.0,0.009609039204249825,
504,rbfe_OADMET-0006595_OADMET-0006133,4.761674669457271,46.203127392925595,1.4609785519964236,626.771240234375,541.0,0.004378181332259645,,41.44145272346832,1.717466235204956,1141.10791015625,21.0,0.00354002417023469,
504,rbfe_OADMET-0006595_OADMET-0006471,-3.7141063270185946,28.01314130894307,1.8815985545577596,782.0375366210938,521.0,0.0028385148557642514,,31.727247635961664,2.149366383093267,1206.0875244140625,21.0,0.0024887869421451603,
504,rbfe_OADMET-0006595_OCNT-2315327,1.4966958941151989,42.1956018550999,0.8617647129645243,967.7068481445312,261.0,0.00290575848559238,,40.6989059609847,1.3804437184956475,1175.7041015625,21.0,0.003776496025917342,
505,rbfe_OADMET-0006371_OADMET-0006094,0.4068197021147526,19.36558722769855,1.1903528206051797,246.54969787597656,861.0,0.013955333372252077,,18.9587675255838,1.0996725823127664,1139.61376953125,181.0,0.012197550410534719,
505,rbfe_OADMET-0006404_OADMET-0006400,0.3978462393767277,-11.88149368873641,0.6590076042344292,866.2914428710938,161.0,0.02028130258142835,,-12.279339928113139,0.5489295968112793,1297.9552001953125,21.0,0.02314959245327275,
505,rbfe_OADMET-0006501_OADMET-0006096,1.116665727235311,-9.572647393747346,0.4104449261205079,834.5616455078125,141.0,0.013492962709991674,,-10.689313120982657,1.2107971505095059,825.1080322265625,21.0,0.008274079811522728,
505,rbfe_OADMET-0006501_OADMET-0006400,-5.473198334960745,16.783990711166037,0.6769480190643354,827.6204223632812,461.0,0.010129563384621787,,22.257189046126783,1.022700204035324,1171.5712890625,21.0,0.009252581477011801,
505,rbfe_OADMET-0006514_OADMET-0006096,-0.3042921353609813,81.02242278198605,0.8868319154418585,670.6835327148438,401.0,0.011493328956572735,,81.32671491734703,1.4331173116307254,1145.610595703125,21.0,0.007979508963878224,
505,rbfe_OADMET-0006514_OADMET-0006191,-4.439750344805709,52.077549721403855,2.2959423246682054,451.37054443359375,121.0,0.0020691943549649983,,56.517300066209565,1.9229241587412997,1100.81689453125,21.0,0.0014645157874377812,
505,rbfe_OADMET-0006514_OADMET-0006371,-8.549157345878854,98.00710586953436,0.7607141276644284,745.8261108398438,541.0,0.012321806978623173,,106.55626321541321,1.171767744239042,981.3836669921875,21.0,0.009859954620611622,
505,rbfe_OCNT-2312754_OADMET-0006400,-0.9850037062513834,-54.573963100189964,1.1414172225833912,1208.691650390625,41.0,0.0065561998478389505,,-53.58895939393858,1.8772539337376961,1149.3599853515625,41.0,0.005103198805361808,
508,rbfe_OADMET-0006565_OADMET-0006458,2.073360130313098,1.014930601743822,0.9597687580029662,1070.3770751953125,201.0,0.007694427969640372,,-1.0584295285692762,1.1807032758439797,1202.567626953125,41.0,0.007953996024982701,
508,rbfe_OADMET-0006568_OADMET-0006091,1.5544431965761518,-59.69574910102738,2.066490637686054,781.9197387695312,701.0,0.0011866606282106007,,-61.25019229760353,1.219010884617639,906.9620971679688,161.0,0.001520102411565527,
508,rbfe_OADMET-0006568_OADMET-0006203,-3.979265606583205,-20.663573687607496,1.684068466249538,316.1596984863281,801.0,0.0006625635784314188,,-16.68430808102429,2.07347935527041,1221.6888427734375,21.0,0.0009783808622457757,
508,rbfe_OADMET-0006568_OADMET-0006326,-2.198900481436965,-38.81691051726019,2.0057380860361644,878.7178344726562,301.0,0.0012082168922220582,,-36.618010035823225,1.6120557744100525,1200.720458984375,21.0,0.0010263539010327838,
508,rbfe_OADMET-0006568_OADMET-0006458,7.1596542581822575,-34.36905765745533,1.2952977622281372,655.127685546875,621.0,0.0007473639047804737,,-41.52871191563759,3.022663687563441,1424.2904052734375,21.0,0.0008975031795859234,
508,rbfe_OADMET-0006568_OADMET-0006515,-0.267890442280975,-0.6020861013949799,2.0603198627157613,782.9765625,281.0,0.0016972533736266948,,-0.33419565911400484,2.2422931286216294,1184.755859375,21.0,0.0012178345298236026,
508,rbfe_OADMET-0006568_OADMET-0006597,7.538975405869834,-2.869297796818491,1.9684264127774056,616.7373046875,881.0,6.04972888451627e-08,,-10.408273202688326,1.182263645282138,1177.5869140625,101.0,0.0008963228489244912,
508,rbfe_OADMET-0006615_OADMET-0006597,1.1234566137110065,-9.9077990471752,0.7336926352698047,908.63037109375,321.0,0.0018701722209338856,,-11.031255660886206,1.4930441967066652,1090.4034423828125,21.0,0.003309391736413647,
508,rbfe_OCNT-2317528_OADMET-0006568,-3.5161926450009826,-2.7250611741915955,0.899198226564538,513.7825927734375,761.0,1.3501836055862526e-05,,0.7911314708093871,1.4142964048326976,745.4757080078125,701.0,0.0007978181467823697,
70,rbfe_OADMET-0006545_OCNT-2318184,5.070164339500364,7.783110029334589,0.7796014740243263,788.3699951171875,381.0,0.00013344940813186934,,2.7129456898342243,1.0493492831002895,1195.5968017578125,41.0,0.0005083092060611527,
81,rbfe_OADMET-0006533_OCNT-2312754,1.6543815495306262,49.562749153036826,1.4247098631224402,769.9076538085938,601.0,0.002273573426336384,,47.9083676035062,1.3408616917239262,1208.2274169921875,41.0,0.0022523981187947406,
96,rbfe_OCNT-2315366_OADMET-0006517,4.3021857617205015,-22.677146468387054,1.55436197266421,478.7015380859375,81.0,0.0019405699776957608,,-26.979332230107556,2.0658178817014425,854.4974365234375,21.0,0.002359153346740195,
