Molecule Name,cluster_id,anchor_ocnt,anchor_pEC50,path_ddg_kcal_mol,n_hops,path,pred_pEC50_raw
OADMET-0006596,21,OCNT-2309356,6.855,4.580836880539723,1,OCNT-2309356 -> OADMET-0006596,3.496122686215191
OADMET-0006587,30,OCNT-2310554,6.115,0.2895442343923946,1,OCNT-2310554 -> OADMET-0006587,5.902693038280984
OADMET-0006573,44,OCNT-2312239,5.83,4.536921856766028,1,OCNT-2312239 -> OADMET-0006573,2.5033231729241616
OADMET-0006545,70,OCNT-2318184,5.880000000000001,-5.070164339500364,1,OCNT-2318184 -> OADMET-0006545,9.597674394706237
OADMET-0006533,81,OCNT-2312754,5.79,-1.6543815495306262,1,OCNT-2312754 -> OADMET-0006533,7.003067568214274
OADMET-0006517,96,OCNT-2315366,5.99,4.3021857617205015,1,OCNT-2315366 -> OADMET-0006517,2.8354423216597
OADMET-0006495,118,OCNT-2310728,4.54,-1.5643003354778957,1,OCNT-2310728 -> OADMET-0006495,5.687015937437964
OADMET-0006484,129,OCNT-2317528,6.01,-9.437925515955907,1,OCNT-2317528 -> OADMET-0006484,12.930314940574796
OADMET-0006474,138,OCNT-2309230,4.59,2.121994615052486,1,OCNT-2309230 -> OADMET-0006474,3.0340573287487267
OADMET-0006506,139,OCNT-2313188,6.205,7.094920372570758,3,OCNT-2313188 -> OADMET-0006609 -> OADMET-0006433 -> OADMET-0006506,1.002682671527527
OADMET-0006433,139,OCNT-2313188,6.205,8.723823682205149,2,OCNT-2313188 -> OADMET-0006609 -> OADMET-0006433,-0.19170309591226697
OADMET-0006472,139,OCNT-2313188,6.205,4.8951398522728065,2,OCNT-2313188 -> OADMET-0006609 -> OADMET-0006472,2.615661495620467
OADMET-0006213,139,OCNT-2313188,6.205,13.314519885110125,2,OCNT-2313188 -> OADMET-0006609 -> OADMET-0006213,-3.557809711915329
OADMET-0006609,139,OCNT-2313188,6.205,9.498883061713784,1,OCNT-2313188 -> OADMET-0006609,-0.7600117771768469
OADMET-0006209,139,OCNT-2313188,6.205,11.364885951399728,2,OCNT-2313188 -> OADMET-0006609 -> OADMET-0006209,-2.128249707728207
OADMET-0006465,146,OCNT-2311117,6.32,15.058627834358273,1,OCNT-2311117 -> OADMET-0006465,-4.721668744946674
OADMET-0006464,147,OCNT-2317682,6.325,-1.4395965269709023,1,OCNT-2317682 -> OADMET-0006464,7.380577450484604
OADMET-0006439,171,OCNT-2312559,2.67,-9.130079416719989,1,OCNT-2312559 -> OADMET-0006439,9.364588221674724
OADMET-0006421,188,OCNT-2311393,5.925000000000001,0.6136587327134212,5,OCNT-2311393 -> OADMET-0006422 -> OADMET-0006487 -> OADMET-0006293 -> OADMET-0006417 -> OADMET-0006421,5.475037591499179
OADMET-0006417,188,OCNT-2311393,5.925000000000001,1.5564757891465102,4,OCNT-2311393 -> OADMET-0006422 -> OADMET-0006487 -> OADMET-0006293 -> OADMET-0006417,4.783721374727593
OADMET-0006549,188,OCNT-2311393,5.925000000000001,2.8505338760190635,5,OCNT-2311393 -> OADMET-0006422 -> OADMET-0006487 -> OADMET-0006293 -> OADMET-0006417 -> OADMET-0006549,3.8348593078024176
OADMET-0006434,188,OCNT-2311393,5.925000000000001,0.08743099541208776,5,OCNT-2311393 -> OADMET-0006422 -> OADMET-0006487 -> OADMET-0006293 -> OADMET-0006417 -> OADMET-0006434,5.860891629702238
OADMET-0006487,188,OCNT-2311393,5.925000000000001,1.3890408142215125,2,OCNT-2311393 -> OADMET-0006422 -> OADMET-0006487,4.906492290496032
OADMET-0006486,188,OCNT-2311393,5.925000000000001,-0.2520691350511819,2,OCNT-2311393 -> OADMET-0006422 -> OADMET-0006486,6.1098285196151805
OADMET-0006293,188,OCNT-2311393,5.925000000000001,4.813931417522763,3,OCNT-2311393 -> OADMET-0006422 -> OADMET-0006487 -> OADMET-0006293,2.3952072022857
OADMET-0006422,188,OCNT-2311393,5.925000000000001,3.457492247172833,1,OCNT-2311393 -> OADMET-0006422,3.3898099082176034
OADMET-0006592,188,OCNT-2311393,5.925000000000001,3.8519510040291105,5,OCNT-2311393 -> OADMET-0006422 -> OADMET-0006487 -> OADMET-0006293 -> OADMET-0006417 -> OADMET-0006592,3.1005748613952853
OADMET-0006415,195,OCNT-2309628,6.045,2.183146083258883,1,OCNT-2309628 -> OADMET-0006415,4.4442182994142225
OADMET-0006414,196,OCNT-2308748,6.140000000000001,-2.728431947193859,1,OCNT-2308748 -> OADMET-0006414,8.140610021406262
OADMET-0006413,197,OCNT-2317298,6.845,0.2470519005343305,1,OCNT-2317298 -> OADMET-0006413,6.663850344233516
OADMET-0006499,232,OCNT-2309628,6.045,-2.979399365838636,1,OCNT-2309628 -> OADMET-0006499,8.229630712596155
OADMET-0006374,232,OCNT-2309628,6.045,3.606522051706156,2,OCNT-2309628 -> OADMET-0006442 -> OADMET-0006374,3.4005344979423993
OADMET-0006395,232,OCNT-2309628,6.045,5.055821321504714,3,OCNT-2309628 -> OADMET-0006442 -> OADMET-0006374 -> OADMET-0006395,2.3378425564564345
OADMET-0006442,232,OCNT-2309628,6.045,4.477273457434192,1,OCNT-2309628 -> OADMET-0006442,2.762060084004845
OADMET-0006600,232,OCNT-2309628,6.045,6.114339171598926,3,OCNT-2309628 -> OADMET-0006442 -> OADMET-0006374 -> OADMET-0006600,1.5616892714482136
OADMET-0006351,255,OCNT-2315472,6.6850000000000005,5.8178170638588735,1,OCNT-2315472 -> OADMET-0006351,2.4191127263096694
OADMET-0006494,256,OCNT-2317222,5.85,2.6673447335882425,1,OCNT-2317222 -> OADMET-0006494,3.894181893541397
OADMET-0006301,256,OCNT-2317222,5.85,-3.7748688331809803,3,OCNT-2317222 -> OADMET-0006494 -> OADMET-0006564 -> OADMET-0006301,8.61790499573323
OADMET-0006564,256,OCNT-2317222,5.85,-0.016482360920128336,2,OCNT-2317222 -> OADMET-0006494 -> OADMET-0006564,5.862085614401033
OADMET-0006350,256,OCNT-2317222,5.85,3.4658367689947167,3,OCNT-2317222 -> OADMET-0006494 -> OADMET-0006564 -> OADMET-0006350,3.3086913264447007
OADMET-0006160,256,OCNT-2317222,5.85,-1.5094264851016412,3,OCNT-2317222 -> OADMET-0006494 -> OADMET-0006564 -> OADMET-0006160,6.956779942148145
OADMET-0006555,256,OCNT-2317222,5.85,-4.362660533337265,3,OCNT-2317222 -> OADMET-0006494 -> OADMET-0006564 -> OADMET-0006555,9.048900523051229
OADMET-0006578,256,OCNT-2317222,5.85,0.29224294850027194,3,OCNT-2317222 -> OADMET-0006494 -> OADMET-0006564 -> OADMET-0006578,5.6357142187268865
OADMET-0006311,256,OCNT-2317222,5.85,1.070621462293654,1,OCNT-2317222 -> OADMET-0006311,5.064971797702262
OADMET-0006124,259,OCNT-2309356,6.855,-0.5603780700413479,2,OCNT-2309356 -> OADMET-0006456 -> OADMET-0006124,7.265894610677041
OADMET-0006572,259,OCNT-2309356,6.855,-8.321001470144887,2,OCNT-2309356 -> OADMET-0006456 -> OADMET-0006572,12.956335584502778
OADMET-0006418,259,OCNT-2309356,6.855,1.6033659075324675,4,OCNT-2309356 -> OADMET-0006456 -> OADMET-0006347 -> OADMET-0006381 -> OADMET-0006418,5.679339413746542
OADMET-0006381,259,OCNT-2309356,6.855,0.18697825400372325,3,OCNT-2309356 -> OADMET-0006456 -> OADMET-0006347 -> OADMET-0006381,6.717899065842702
OADMET-0006438,259,OCNT-2308531,6.195,-2.8689787959177195,1,OCNT-2308531 -> OADMET-0006438,8.298665343831734
OADMET-0006173,259,OCNT-2309356,6.855,-0.4575343207100189,4,OCNT-2309356 -> OADMET-0006456 -> OADMET-0006347 -> OADMET-0006529 -> OADMET-0006173,7.190484910331441
OADMET-0006550,259,OCNT-2309356,6.855,3.2180309903340327,5,OCNT-2309356 -> OADMET-0006456 -> OADMET-0006347 -> OADMET-0006381 -> OADMET-0006418 -> OADMET-0006550,4.495393759837196
OADMET-0006177,259,OCNT-2309356,6.855,0.46802687631893214,2,OCNT-2309356 -> OADMET-0006456 -> OADMET-0006177,6.511821472122795
OADMET-0006456,259,OCNT-2309356,6.855,4.767164777159097,1,OCNT-2309356 -> OADMET-0006456,3.3594986235818323
OADMET-0006457,259,OCNT-2309356,6.855,2.495987079661491,2,OCNT-2309356 -> OADMET-0006456 -> OADMET-0006457,5.024829095423456
OADMET-0006339,259,OCNT-2309356,6.855,-3.9495441110806513,5,OCNT-2309356 -> OADMET-0006456 -> OADMET-0006347 -> OADMET-0006381 -> OADMET-0006418 -> OADMET-0006339,9.750984829946217
OADMET-0006529,259,OCNT-2309356,6.855,-0.92469848851638,3,OCNT-2309356 -> OADMET-0006456 -> OADMET-0006347 -> OADMET-0006529,7.533030861208667
OADMET-0006347,259,OCNT-2309356,6.855,0.7791486261080149,2,OCNT-2309356 -> OADMET-0006456 -> OADMET-0006347,6.283692897706398
OADMET-0006346,269,OCNT-2315653,5.99,1.6144600603350625,1,OCNT-2315653 -> OADMET-0006346,4.806204677859611
OADMET-0006337,269,OCNT-2315653,5.99,-3.675314122725823,1,OCNT-2315653 -> OADMET-0006337,8.684906967829464
OADMET-0006512,273,OCNT-2315483,6.105,4.944025323926109,2,OCNT-2315483 -> OADMET-0006479 -> OADMET-0006512,2.479816451146716
OADMET-0006479,273,OCNT-2315483,6.105,2.1901517899427603,1,OCNT-2315483 -> OADMET-0006479,4.499081397607597
OADMET-0006338,273,OCNT-2315483,6.105,3.070283691407834,3,OCNT-2315483 -> OADMET-0006479 -> OADMET-0006512 -> OADMET-0006338,3.85372877884746
OADMET-0006333,273,OCNT-2315483,6.105,1.9678578340285346,3,OCNT-2315483 -> OADMET-0006479 -> OADMET-0006512 -> OADMET-0006333,4.662077405757051
OADMET-0006407,289,OCNT-2317314,5.89,5.052303949952972,2,OCNT-2317314 -> OADMET-0006211 -> OADMET-0006407,2.185421652769488
OADMET-0006136,289,OCNT-2317314,5.89,8.133169490155609,3,OCNT-2317314 -> OADMET-0006211 -> OADMET-0006380 -> OADMET-0006136,-0.07360865974161168
OADMET-0006317,289,OCNT-2317314,5.89,2.2742602117992874,2,OCNT-2317314 -> OADMET-0006211 -> OADMET-0006317,4.222409288899188
OADMET-0006332,289,OCNT-2317314,5.89,2.16812633802472,3,OCNT-2317314 -> OADMET-0006211 -> OADMET-0006407 -> OADMET-0006332,4.300231457673617
OADMET-0006380,289,OCNT-2317314,5.89,3.2797851265817,2,OCNT-2317314 -> OADMET-0006211 -> OADMET-0006380,3.4851128269675167
OADMET-0006446,289,OCNT-2317314,5.89,4.025510225612155,3,OCNT-2317314 -> OADMET-0006211 -> OADMET-0006380 -> OADMET-0006446,2.9383133702799853
OADMET-0006384,289,OCNT-2317314,5.89,3.5919428940357463,4,OCNT-2317314 -> OADMET-0006211 -> OADMET-0006407 -> OADMET-0006332 -> OADMET-0006384,3.256224597422095
OADMET-0006211,289,OCNT-2317314,5.89,7.002373916745967,1,OCNT-2317314 -> OADMET-0006211,0.7555419293547683
OADMET-0006162,289,OCNT-2317314,5.89,7.133369490472138,3,OCNT-2317314 -> OADMET-0006211 -> OADMET-0006380 -> OADMET-0006162,0.6594900348495827
OADMET-0006309,297,OCNT-2311752,5.775,2.2983405553224827,1,OCNT-2311752 -> OADMET-0006309,4.089752489131484
OADMET-0006297,309,OCNT-2315653,5.99,-3.5534652607754356,2,OCNT-2315653 -> OADMET-0006383 -> OADMET-0006297,8.595561857145796
OADMET-0006325,309,OCNT-2315653,5.99,-3.2412933768568055,3,OCNT-2315653 -> OADMET-0006383 -> OADMET-0006297 -> OADMET-0006325,8.366663276768445
OADMET-0006383,309,OCNT-2315653,5.99,-3.805219785843249,1,OCNT-2315653 -> OADMET-0006383,8.780159690455529
OADMET-0006386,310,OCNT-2308748,6.140000000000001,0.23398763566722633,4,OCNT-2308748 -> OADMET-0006119 -> OADMET-0006161 -> OADMET-0006304 -> OADMET-0006386,5.968429655618694
OADMET-0006531,310,OCNT-2308748,6.140000000000001,-1.4875147696798408,2,OCNT-2308748 -> OADMET-0006119 -> OADMET-0006531,7.230713278838423
OADMET-0006296,310,OCNT-2308748,6.140000000000001,3.182019764960401,2,OCNT-2308748 -> OADMET-0006119 -> OADMET-0006296,3.806798823170259
OADMET-0006119,310,OCNT-2308748,6.140000000000001,4.724981315303019,1,OCNT-2308748 -> OADMET-0006119,2.6754294505770506
OADMET-0006161,310,OCNT-2308748,6.140000000000001,-0.59363420190477,2,OCNT-2308748 -> OADMET-0006119 -> OADMET-0006161,6.575279514521756
OADMET-0006304,310,OCNT-2308748,6.140000000000001,0.08723214952676273,3,OCNT-2308748 -> OADMET-0006119 -> OADMET-0006161 -> OADMET-0006304,6.076037432521805
OADMET-0006234,310,OCNT-2308748,6.140000000000001,-5.766288967131395,4,OCNT-2308748 -> OADMET-0006119 -> OADMET-0006161 -> OADMET-0006304 -> OADMET-0006234,10.368104536685287
OADMET-0006409,310,OCNT-2308748,6.140000000000001,2.1789199595716795,4,OCNT-2308748 -> OADMET-0006119 -> OADMET-0006161 -> OADMET-0006304 -> OADMET-0006409,4.542317084930577
OADMET-0006581,310,OCNT-2308748,6.140000000000001,-3.8900208186906373,4,OCNT-2308748 -> OADMET-0006119 -> OADMET-0006161 -> OADMET-0006304 -> OADMET-0006581,8.992339652948115
OADMET-0006353,317,OCNT-2312865,5.915,4.14502118920948,1,OCNT-2312865 -> OADMET-0006353,2.875682512678193
OADMET-0006289,317,OCNT-2312865,5.915,-0.42403098150647445,3,OCNT-2312865 -> OADMET-0006353 -> OADMET-0006526 -> OADMET-0006289,6.2259187428556055
OADMET-0006571,317,OCNT-2312865,5.915,-0.4441358895014176,2,OCNT-2312865 -> OADMET-0006353 -> OADMET-0006571,6.240660573032276
OADMET-0006526,317,OCNT-2312865,5.915,2.3949434876226334,2,OCNT-2312865 -> OADMET-0006353 -> OADMET-0006526,4.158918838816078
OADMET-0006283,323,OCNT-2317888,5.66,-0.0717123952145879,1,OCNT-2317888 -> OADMET-0006283,5.712582779890444
OADMET-0006256,349,OCNT-2309093,5.15,-0.9404136796188318,1,OCNT-2309093 -> OADMET-0006256,5.839553951912914
OADMET-0006245,359,OCNT-2318184,5.880000000000001,0.0039908261097982,1,OCNT-2318184 -> OADMET-0006245,5.877073745336708
OADMET-0006357,362,OCNT-2317538,5.859999999999999,-1.594573807379332,1,OCNT-2317538 -> OADMET-0006357,7.0292138197531395
OADMET-0006242,362,OCNT-2317538,5.859999999999999,4.190249539177864,1,OCNT-2317538 -> OADMET-0006242,2.7875190356519544
OADMET-0006321,362,OCNT-2317538,5.859999999999999,3.5214631530574003,1,OCNT-2317538 -> OADMET-0006321,3.277903539333186
OADMET-0006520,372,OCNT-2316441,6.26,2.8689367832746875,1,OCNT-2316441 -> OADMET-0006520,4.156365461743153
OADMET-0006232,372,OCNT-2316441,6.26,6.811759859994137,2,OCNT-2316441 -> OADMET-0006520 -> OADMET-0006232,1.2653087989484257
OADMET-0006612,372,OCNT-2316441,6.26,8.675622157588156,3,OCNT-2316441 -> OADMET-0006520 -> OADMET-0006232 -> OADMET-0006612,-0.10135955241835859
OADMET-0006220,382,OCNT-2317556,5.955,-7.783868021367411,1,OCNT-2317556 -> OADMET-0006220,11.662484984138004
OADMET-0006102,384,OCNT-2316194,5.945,-1.5224442504904094,2,OCNT-2316194 -> OADMET-0006431 -> OADMET-0006102,7.06132515800734
OADMET-0006396,384,OCNT-2316194,5.945,0.009791407915159311,2,OCNT-2316194 -> OADMET-0006431 -> OADMET-0006396,5.937820495736061
OADMET-0006452,384,OCNT-2316194,5.945,5.255030018558088,2,OCNT-2316194 -> OADMET-0006431 -> OADMET-0006452,2.0917737068792435
OADMET-0006431,384,OCNT-2316194,5.945,2.4658473052612777,1,OCNT-2316194 -> OADMET-0006431,4.1369289446683695
OADMET-0006375,384,OCNT-2316194,5.945,2.8912427544435104,2,OCNT-2316194 -> OADMET-0006431 -> OADMET-0006375,3.825009712242623
OADMET-0006218,384,OCNT-2316194,5.945,0.12926938070062732,2,OCNT-2316194 -> OADMET-0006431 -> OADMET-0006218,5.850213828493454
OADMET-0006272,384,OCNT-2316194,5.945,4.228984803940236,3,OCNT-2316194 -> OADMET-0006431 -> OADMET-0006452 -> OADMET-0006272,2.8441165831205195
OADMET-0006460,384,OCNT-2316194,5.945,-0.6986889569942463,2,OCNT-2316194 -> OADMET-0006431 -> OADMET-0006460,6.457310424544835
OADMET-0006299,384,OCNT-2316194,5.945,-0.1921769325527407,2,OCNT-2316194 -> OADMET-0006431 -> OADMET-0006299,6.085912840997757
OADMET-0006324,384,OCNT-2316194,5.945,0.9841844718583843,3,OCNT-2316194 -> OADMET-0006431 -> OADMET-0006299 -> OADMET-0006324,5.223351318478968
OADMET-0006193,385,OCNT-1965945,3.85,-4.962184178594972,1,OCNT-1965945 -> OADMET-0006193,7.488498444489641
OADMET-0006478,385,OCNT-1965945,3.85,-10.270588873234983,2,OCNT-1965945 -> OADMET-0006193 -> OADMET-0006478,11.380861470329215
OADMET-0006307,385,OCNT-1965945,3.85,-4.739575360666027,2,OCNT-1965945 -> OADMET-0006193 -> OADMET-0006307,7.325271565233925
OADMET-0006505,385,OCNT-1965945,3.85,-3.5891827491773665,2,OCNT-1965945 -> OADMET-0006193 -> OADMET-0006505,6.481751539212031
OADMET-0006437,385,OCNT-1965945,3.85,-13.551576046748913,2,OCNT-1965945 -> OADMET-0006193 -> OADMET-0006437,13.786630038677895
OADMET-0006217,385,OCNT-1965945,3.85,0.6992728084092636,2,OCNT-1965945 -> OADMET-0006193 -> OADMET-0006217,3.3372614691235785
OADMET-0006216,386,OCNT-1965882,1.78,4.879385830808317,1,OCNT-1965882 -> OADMET-0006216,-1.7977869414931205
OADMET-0006205,397,OCNT-2318074,5.89,-2.607374687569301,3,OCNT-2318074 -> OADMET-0006583 -> OADMET-0006236 -> OADMET-0006205,7.801845349442221
OADMET-0006356,397,OCNT-2318074,5.89,0.469594766140915,3,OCNT-2318074 -> OADMET-0006583 -> OADMET-0006236 -> OADMET-0006356,5.54567182421109
OADMET-0006174,397,OCNT-2318074,5.89,-5.53386520294066,3,OCNT-2318074 -> OADMET-0006583 -> OADMET-0006236 -> OADMET-0006174,9.947680893782564
OADMET-0006583,397,OCNT-2318074,5.89,-5.910537051100221,1,OCNT-2318074 -> OADMET-0006583,10.223873772620781
OADMET-0006236,397,OCNT-2318074,5.89,-8.066572384492474,2,OCNT-2318074 -> OADMET-0006583 -> OADMET-0006236,11.80477664209743
OADMET-0006467,397,OCNT-2318074,5.89,-9.889857691622296,3,OCNT-2318074 -> OADMET-0006583 -> OADMET-0006236 -> OADMET-0006467,13.141692104137189
OADMET-0006453,402,OCNT-2308475,6.050000000000001,-1.817631701151731,1,OCNT-2308475 -> OADMET-0006453,7.382769981780124
OADMET-0006199,403,OCNT-2316557,6.255,1.135492555290206,1,OCNT-2316557 -> OADMET-0006199,5.422405370809352
OADMET-0006198,413,OCNT-2311249,6.27,2.662083675788537,5,OCNT-2311249 -> OADMET-0006535 -> OADMET-0006388 -> OADMET-0006488 -> OADMET-0006370 -> OADMET-0006198,4.3180395396769775
OADMET-0006537,413,OCNT-2311249,6.27,8.814914282829013,2,OCNT-2311249 -> OADMET-0006535 -> OADMET-0006537,-0.19349485469204808
OADMET-0006535,413,OCNT-2311249,6.27,2.6337191697022746,1,OCNT-2311249 -> OADMET-0006535,4.3388376816965275
OADMET-0006496,413,OCNT-2311249,6.27,3.4743085231424606,6,OCNT-2311249 -> OADMET-0006535 -> OADMET-0006388 -> OADMET-0006488 -> OADMET-0006370 -> OADMET-0006198 -> OADMET-0006496,3.7224794521612687
OADMET-0006488,413,OCNT-2311249,6.27,0.4117078276812052,3,OCNT-2311249 -> OADMET-0006535 -> OADMET-0006388 -> OADMET-0006488,5.968117152308839
OADMET-0006388,413,OCNT-2311249,6.27,3.0669858228917164,2,OCNT-2311249 -> OADMET-0006535 -> OADMET-0006388,4.021146925581671
OADMET-0006370,413,OCNT-2311249,6.27,4.192799683426308,4,OCNT-2311249 -> OADMET-0006535 -> OADMET-0006388 -> OADMET-0006488 -> OADMET-0006370,3.195649154255529
OADMET-0006195,413,OCNT-2311249,6.27,0.8042923902878698,8,OCNT-2311249 -> OADMET-0006535 -> OADMET-0006388 -> OADMET-0006488 -> OADMET-0006370 -> OADMET-0006198 -> OADMET-0006496 -> OADMET-0006406 -> OADMET-0006195,5.6802563496935985
OADMET-0006406,413,OCNT-2311249,6.27,9.273471526717977,7,OCNT-2311249 -> OADMET-0006535 -> OADMET-0006388 -> OADMET-0006488 -> OADMET-0006370 -> OADMET-0006198 -> OADMET-0006496 -> OADMET-0006406,-0.5297298186816084
OADMET-0006189,413,OCNT-2311249,6.27,4.154030206917179,9,OCNT-2311249 -> OADMET-0006535 -> OADMET-0006388 -> OADMET-0006488 -> OADMET-0006370 -> OADMET-0006198 -> OADMET-0006496 -> OADMET-0006406 -> OADMET-0006195 -> OADMET-0006189,3.224076692390981
OADMET-0006186,416,OCNT-2317632,6.0,-1.0521730824987543,1,OCNT-2317632 -> OADMET-0006186,6.7715010137107745
OADMET-0006561,422,OCNT-2315609,6.18,-2.835711180513556,1,OCNT-2315609 -> OADMET-0006561,8.25927201973424
OADMET-0006557,422,OCNT-2315609,6.18,2.831632295987136,1,OCNT-2315609 -> OADMET-0006557,4.103718803353031
OADMET-0006536,422,OCNT-2315609,6.18,-0.4361913357906815,1,OCNT-2315609 -> OADMET-0006536,6.4998352660145775
OADMET-0006280,422,OCNT-2315609,6.18,-1.2314936755230548,1,OCNT-2315609 -> OADMET-0006280,7.082987003609807
OADMET-0006429,422,OCNT-2315609,6.18,8.052089672333208,2,OCNT-2315609 -> OADMET-0006132 -> OADMET-0006429,0.27584273916028046
OADMET-0006570,422,OCNT-2315609,6.18,3.3730268300090245,1,OCNT-2315609 -> OADMET-0006570,3.7067437820728664
OADMET-0006132,422,OCNT-2315609,6.18,10.037927845012618,1,OCNT-2315609 -> OADMET-0006132,-1.1802638546800255
OADMET-0006180,422,OCNT-2315609,6.18,1.0943676162608114,1,OCNT-2315609 -> OADMET-0006180,5.377560040870501
OADMET-0006389,423,OCNT-2315483,6.105,-2.6611423272599666,2,OCNT-2315483 -> OADMET-0006179 -> OADMET-0006389,8.056270220897469
OADMET-0006179,423,OCNT-2315483,6.105,0.2232035857140601,1,OCNT-2315483 -> OADMET-0006179,5.941337010035152
OADMET-0006367,423,OCNT-2315483,6.105,0.32295819167691053,2,OCNT-2315483 -> OADMET-0006179 -> OADMET-0006367,5.868192409681105
OADMET-0006172,430,OCNT-2317682,6.325,3.8768105260644816,1,OCNT-2317682 -> OADMET-0006172,3.4823467326114668
OADMET-0006475,435,OCNT-2311806,5.949999999999999,-2.1576346661643133,3,OCNT-2311806 -> OADMET-0006365 -> OADMET-0006167 -> OADMET-0006475,7.532075572785095
OADMET-0006361,435,OCNT-2311806,5.949999999999999,0.5485183135949754,1,OCNT-2311806 -> OADMET-0006361,5.547801500516956
OADMET-0006258,435,OCNT-2311806,5.949999999999999,-0.9174485149766274,2,OCNT-2311806 -> OADMET-0006365 -> OADMET-0006258,6.622714851867302
OADMET-0006243,435,OCNT-2311806,5.949999999999999,3.4305611624013177,3,OCNT-2311806 -> OADMET-0006365 -> OADMET-0006282 -> OADMET-0006243,3.434557000732278
OADMET-0006602,435,OCNT-2311806,5.949999999999999,1.075295458878001,1,OCNT-2311806 -> OADMET-0006602,5.161544611469422
OADMET-0006254,435,OCNT-2311806,5.949999999999999,-0.7160690945231498,2,OCNT-2311806 -> OADMET-0006365 -> OADMET-0006254,6.475054329464107
OADMET-0006607,435,OCNT-2311806,5.949999999999999,4.7899617743619824,2,OCNT-2311806 -> OADMET-0006602 -> OADMET-0006607,2.437782831528095
OADMET-0006365,435,OCNT-2311806,5.949999999999999,2.73386757711205,1,OCNT-2311806 -> OADMET-0006365,3.945404328265104
OADMET-0006282,435,OCNT-2311806,5.949999999999999,3.1440013698403244,2,OCNT-2311806 -> OADMET-0006365 -> OADMET-0006282,3.6446756343743028
OADMET-0006167,435,OCNT-2311806,5.949999999999999,-1.341377460612677,2,OCNT-2311806 -> OADMET-0006365 -> OADMET-0006167,6.933558777396009
OADMET-0006165,437,OCNT-2317538,5.859999999999999,4.937313413427888,1,OCNT-2317538 -> OADMET-0006165,2.239737928268156
OADMET-0006249,443,OCNT-2310554,6.115,-2.3963905420724103,2,OCNT-2310554 -> OADMET-0006298 -> OADMET-0006249,7.8721422071215805
OADMET-0006328,443,OCNT-2310554,6.115,-5.625829752870281,2,OCNT-2310554 -> OADMET-0006298 -> OADMET-0006328,10.240113471821587
OADMET-0006305,443,OCNT-2310554,6.115,-1.3290594429284397,1,OCNT-2310554 -> OADMET-0006305,7.089526648283062
OADMET-0006158,443,OCNT-2310554,6.115,0.181530254664807,1,OCNT-2310554 -> OADMET-0006158,5.981893785991489
OADMET-0006260,443,OCNT-2310554,6.115,1.211055926033552,1,OCNT-2310554 -> OADMET-0006260,5.226998881043004
OADMET-0006582,443,OCNT-2310554,6.115,1.5828174540496178,2,OCNT-2310554 -> OADMET-0006260 -> OADMET-0006582,4.954406471587023
OADMET-0006298,443,OCNT-2310554,6.115,-3.514533512174296,1,OCNT-2310554 -> OADMET-0006298,8.692015333754433
OADMET-0006605,444,OCNT-2316690,6.27,2.3063892294681887,2,OCNT-2316690 -> OADMET-0006184 -> OADMET-0006605,4.578850836289639
OADMET-0006157,444,OCNT-2316690,6.27,-0.7767420896983515,2,OCNT-2316690 -> OADMET-0006184 -> OADMET-0006157,6.83954252067631
OADMET-0006184,444,OCNT-2316690,6.27,0.5373735126974186,1,OCNT-2316690 -> OADMET-0006184,5.875973373883693
OADMET-0006247,448,OCNT-2318346,6.140000000000001,-0.10431039622314575,2,OCNT-2318346 -> OADMET-0006377 -> OADMET-0006247,6.216485112350159
OADMET-0006483,448,OCNT-2318346,6.140000000000001,-1.1897410389494825,2,OCNT-2318346 -> OADMET-0006377 -> OADMET-0006483,7.012372077247019
OADMET-0006502,448,OCNT-2318346,6.140000000000001,2.153800572230351,4,OCNT-2318346 -> OADMET-0006377 -> OADMET-0006152 -> OADMET-0006267 -> OADMET-0006502,4.5607357587400275
OADMET-0006267,448,OCNT-2318346,6.140000000000001,-0.0029640411092088925,3,OCNT-2318346 -> OADMET-0006377 -> OADMET-0006152 -> OADMET-0006267,6.142173369342433
OADMET-0006377,448,OCNT-2318346,6.140000000000001,-1.1015269907591163,1,OCNT-2318346 -> OADMET-0006377,6.947689537145562
OADMET-0006152,448,OCNT-2318346,6.140000000000001,1.9799236561180242,2,OCNT-2318346 -> OADMET-0006377 -> OADMET-0006152,4.688230197889703
OADMET-0006598,448,OCNT-2318346,6.140000000000001,5.462130806900286,3,OCNT-2318346 -> OADMET-0006377 -> OADMET-0006152 -> OADMET-0006598,2.13491801811095
OADMET-0006532,450,OCNT-2309628,6.045,3.619241710128744,1,OCNT-2309628 -> OADMET-0006532,3.3912078676281388
OADMET-0006440,450,OCNT-2309628,6.045,0.13312329657945376,2,OCNT-2309628 -> OADMET-0006532 -> OADMET-0006440,5.947387962619553
OADMET-0006559,450,OCNT-2309628,6.045,10.05724357690529,2,OCNT-2309628 -> OADMET-0006532 -> OADMET-0006559,-1.3294270251541942
OADMET-0006150,450,OCNT-2309628,6.045,6.61805047064102,2,OCNT-2309628 -> OADMET-0006532 -> OADMET-0006150,1.1923453067597736
OADMET-0006135,454,OCNT-2318059,6.015000000000001,-1.101869065457823,3,OCNT-2318059 -> OADMET-0006146 -> OADMET-0006463 -> OADMET-0006135,6.822940361825651
OADMET-0006257,454,OCNT-2318059,6.015000000000001,-9.366358101436507,3,OCNT-2318059 -> OADMET-0006146 -> OADMET-0006463 -> OADMET-0006257,12.882838467104055
OADMET-0006146,454,OCNT-2318059,6.015000000000001,-1.7753843614712397,1,OCNT-2318059 -> OADMET-0006146,7.316792316667576
OADMET-0006170,454,OCNT-2318059,6.015000000000001,4.80461250181655,4,OCNT-2318059 -> OADMET-0006146 -> OADMET-0006463 -> OADMET-0006135 -> OADMET-0006170,2.4920402538374034
OADMET-0006610,454,OCNT-2318059,6.015000000000001,-1.8245075227837089,3,OCNT-2318059 -> OADMET-0006146 -> OADMET-0006463 -> OADMET-0006610,7.352811645977203
OADMET-0006463,454,OCNT-2318059,6.015000000000001,2.077226267400519,2,OCNT-2318059 -> OADMET-0006146 -> OADMET-0006463,4.491883511218274
OADMET-0006504,454,OCNT-2318059,6.015000000000001,3.0738761313011906,3,OCNT-2318059 -> OADMET-0006146 -> OADMET-0006463 -> OADMET-0006504,3.7610946390224447
OADMET-0006364,455,OCNT-2316432,6.09,-10.974579204934493,2,OCNT-2316432 -> OADMET-0006425 -> OADMET-0006364,14.137059103192913
OADMET-0006614,455,OCNT-2316432,6.09,0.40660731019012175,3,OCNT-2316432 -> OADMET-0006425 -> OADMET-0006359 -> OADMET-0006614,5.7918570830106155
OADMET-0006543,455,OCNT-2316432,6.09,-0.4060304835937174,2,OCNT-2316432 -> OADMET-0006425 -> OADMET-0006543,6.387719961573337
OADMET-0006145,455,OCNT-2316432,6.09,3.4918443187024835,2,OCNT-2316432 -> OADMET-0006425 -> OADMET-0006145,3.529621411715439
OADMET-0006425,455,OCNT-2316432,6.09,-6.388730694095351,1,OCNT-2316432 -> OADMET-0006425,10.774507034825746
OADMET-0006576,455,OCNT-2311292,4.73,-0.9322181591630708,1,OCNT-2311292 -> OADMET-0006576,5.4135446246979555
OADMET-0006359,455,OCNT-2316432,6.09,0.8957079944793485,2,OCNT-2316432 -> OADMET-0006425 -> OADMET-0006359,5.433226283561117
OADMET-0006508,455,OCNT-2311292,4.73,-1.3311983464154906,2,OCNT-2311292 -> OADMET-0006576 -> OADMET-0006508,5.706094989305977
OADMET-0006398,456,OCNT-2316557,6.255,4.563304596886101,2,OCNT-2316557 -> OADMET-0006144 -> OADMET-0006398,2.9089781515720037
OADMET-0006144,456,OCNT-2316557,6.255,4.6270680522597445,1,OCNT-2316557 -> OADMET-0006144,2.86222389480881
OADMET-0006411,456,OCNT-2316557,6.255,9.017385093280687,3,OCNT-2316557 -> OADMET-0006144 -> OADMET-0006398 -> OADMET-0006411,-0.35695563372979056
OADMET-0006447,456,OCNT-2316920,3.35,0.489166202382961,1,OCNT-2316920 -> OADMET-0006447,2.99132115971333
OADMET-0006355,456,OCNT-2316557,6.255,3.5776969564328844,2,OCNT-2316557 -> OADMET-0006144 -> OADMET-0006355,3.6316703648387705
OADMET-0006524,456,OCNT-2316557,6.255,2.60995502635053,3,OCNT-2316557 -> OADMET-0006144 -> OADMET-0006355 -> OADMET-0006524,4.341262629160779
OADMET-0006141,458,OCNT-2318568,5.92,2.634497130705705,1,OCNT-2318568 -> OADMET-0006141,3.9882672454130335
OADMET-0006130,469,OCNT-2317682,6.325,-7.291536391902049,1,OCNT-2317682 -> OADMET-0006130,11.671485109181734
OADMET-0006148,471,OCNT-2318059,6.015000000000001,2.525455352904114,3,OCNT-2318059 -> OADMET-0006128 -> OADMET-0006482 -> OADMET-0006148,4.163221621275763
OADMET-0006128,471,OCNT-2318059,6.015000000000001,7.318113960167395,1,OCNT-2318059 -> OADMET-0006128,0.6490270126357274
OADMET-0006482,471,OCNT-2318059,6.015000000000001,8.086118254317373,2,OCNT-2318059 -> OADMET-0006128 -> OADMET-0006482,0.08589143986114323
OADMET-0006606,474,OCNT-2311187,5.904999999999999,-2.8999497163730186,3,OCNT-2311187 -> OADMET-0006366 -> OADMET-0006125 -> OADMET-0006606,8.031374627051633
OADMET-0006462,474,OCNT-2311187,5.904999999999999,-1.1158340284820656,4,OCNT-2311187 -> OADMET-0006366 -> OADMET-0006125 -> OADMET-0006606 -> OADMET-0006462,6.723180105940801
OADMET-0006129,474,OCNT-2311187,5.904999999999999,-0.6919528925776036,3,OCNT-2311187 -> OADMET-0006366 -> OADMET-0006125 -> OADMET-0006129,6.412371236675174
OADMET-0006303,474,OCNT-2311187,5.904999999999999,-1.1560973514482384,4,OCNT-2311187 -> OADMET-0006366 -> OADMET-0006125 -> OADMET-0006129 -> OADMET-0006303,6.75270300003537
OADMET-0006125,474,OCNT-2311187,5.904999999999999,0.9448482629909575,2,OCNT-2311187 -> OADMET-0006366 -> OADMET-0006125,5.212194410477373
OADMET-0006366,474,OCNT-2311187,5.904999999999999,-0.0398540859843183,1,OCNT-2311187 -> OADMET-0006366,5.934222822983075
OADMET-0006540,474,OCNT-2311187,5.904999999999999,1.6506289071873876,3,OCNT-2311187 -> OADMET-0006366 -> OADMET-0006125 -> OADMET-0006540,4.6946840393111975
OADMET-0006546,474,OCNT-2311187,5.904999999999999,-3.9712417635836017,2,OCNT-2311187 -> OADMET-0006542 -> OADMET-0006546,8.816894532617393
OADMET-0006202,474,OCNT-2311187,5.904999999999999,0.7219937044688862,1,OCNT-2311187 -> OADMET-0006202,5.375601477878804
OADMET-0006542,474,OCNT-2311187,5.904999999999999,-0.7246930166997458,1,OCNT-2311187 -> OADMET-0006542,6.4363777802461835
OADMET-0006123,476,OCNT-2312559,2.67,-3.1648455134378684,2,OCNT-2312559 -> OADMET-0006224 -> OADMET-0006123,4.990608236866013
OADMET-0006224,476,OCNT-2312559,2.67,-3.1617276694814223,1,OCNT-2312559 -> OADMET-0006224,4.988322092301967
OADMET-0006566,476,OCNT-2312559,2.67,-3.04849085312944,2,OCNT-2312559 -> OADMET-0006224 -> OADMET-0006566,4.905291723954715
OADMET-0006601,477,OCNT-2310748,4.89,-7.209042104778618,2,OCNT-2310748 -> OADMET-0006269 -> OADMET-0006601,10.175996557250784
OADMET-0006269,477,OCNT-2310748,4.89,-2.986519751124085,1,OCNT-2310748 -> OADMET-0006269,7.079851701953428
OADMET-0006616,477,OCNT-2310748,4.89,6.602137658783813,1,OCNT-2310748 -> OADMET-0006616,0.049013301962300915
OADMET-0006264,483,OCNT-2315472,6.6850000000000005,-7.45634977518596,1,OCNT-2315472 -> OADMET-0006264,12.152333755085762
OADMET-0006522,483,OCNT-2315472,6.6850000000000005,-3.89723263502822,1,OCNT-2315472 -> OADMET-0006522,9.542627683698651
OADMET-0006116,483,OCNT-2315472,6.6850000000000005,-3.8045709506201337,2,OCNT-2315472 -> OADMET-0006522 -> OADMET-0006116,9.474683935049226
OADMET-0006222,483,OCNT-2315472,6.6850000000000005,-6.381147110739379,3,OCNT-2315472 -> OADMET-0006522 -> OADMET-0006116 -> OADMET-0006222,11.363946407639961
OADMET-0006567,483,OCNT-2315472,6.6850000000000005,-9.85098871482327,2,OCNT-2315472 -> OADMET-0006264 -> OADMET-0006567,13.908191607877454
OADMET-0006336,483,OCNT-2315472,6.6850000000000005,-5.548737614765835,2,OCNT-2315472 -> OADMET-0006264 -> OADMET-0006336,10.753586020505818
OADMET-0006251,484,OCNT-2317888,5.66,9.056096136679795,2,OCNT-2317888 -> OADMET-0006151 -> OADMET-0006251,-0.9803403260593893
OADMET-0006340,484,OCNT-2317888,5.66,0.4213558329255633,1,OCNT-2317888 -> OADMET-0006340,5.351042797385567
OADMET-0006372,484,OCNT-2317888,5.66,4.290017334734664,4,OCNT-2317888 -> OADMET-0006340 -> OADMET-0006552 -> OADMET-0006155 -> OADMET-0006372,2.5143647640895557
OADMET-0006552,484,OCNT-2317888,5.66,2.4903401056347003,2,OCNT-2317888 -> OADMET-0006340 -> OADMET-0006552,3.8339697128356796
OADMET-0006151,484,OCNT-2317888,5.66,7.106434393944937,1,OCNT-2317888 -> OADMET-0006151,0.44924006896543656
OADMET-0006115,484,OCNT-2317888,5.66,2.374150388973618,1,OCNT-2317888 -> OADMET-0006115,3.9191652815855567
OADMET-0006544,484,OCNT-2317888,5.66,5.044715163632638,3,OCNT-2317888 -> OADMET-0006340 -> OADMET-0006552 -> OADMET-0006544,1.9609860950046647
OADMET-0006155,484,OCNT-2317888,5.66,3.3936190153153274,3,OCNT-2317888 -> OADMET-0006340 -> OADMET-0006552 -> OADMET-0006155,3.1716446580764575
OADMET-0006225,484,OCNT-2317888,5.66,4.41736379541976,1,OCNT-2317888 -> OADMET-0006225,2.4209885647310747
OADMET-0006196,488,OCNT-2309591,6.11,-1.592619889776017,1,OCNT-2309591 -> OADMET-0006196,7.277781118768161
OADMET-0006334,488,OCNT-2309591,6.11,1.8078070436573164,1,OCNT-2309591 -> OADMET-0006334,4.784433902582991
OADMET-0006427,488,OCNT-2309591,6.11,2.768202512491836,2,OCNT-2309591 -> OADMET-0006334 -> OADMET-0006427,4.080228396765042
OADMET-0006192,488,OCNT-2309591,6.11,3.227369993975554,3,OCNT-2309591 -> OADMET-0006334 -> OADMET-0006427 -> OADMET-0006192,3.7435459789004595
OADMET-0006111,488,OCNT-2309591,6.11,3.210832963108224,4,OCNT-2309591 -> OADMET-0006334 -> OADMET-0006427 -> OADMET-0006302 -> OADMET-0006111,3.755671679785728
OADMET-0006477,488,OCNT-2309591,6.11,-0.9282138743791675,2,OCNT-2309591 -> OADMET-0006196 -> OADMET-0006477,6.79060850152454
OADMET-0006302,488,OCNT-2309591,6.11,3.219845044644149,3,OCNT-2309591 -> OADMET-0006334 -> OADMET-0006427 -> OADMET-0006302,3.7490636129607355
OADMET-0006183,491,OCNT-2317298,6.845,4.744657424998138,2,OCNT-2317298 -> OADMET-0006266 -> OADMET-0006183,3.366002034757194
OADMET-0006266,491,OCNT-2317298,6.845,2.4462102888424297,1,OCNT-2317298 -> OADMET-0006266,5.051327695525421
OADMET-0006228,491,OCNT-2317298,6.845,1.725732641716336,2,OCNT-2317298 -> OADMET-0006266 -> OADMET-0006228,5.579614575658941
OADMET-0006290,491,OCNT-2317298,6.845,-0.0387213145537095,1,OCNT-2317298 -> OADMET-0006290,6.8733922236058875
OADMET-0006244,491,OCNT-2317298,6.845,0.0707456809837787,2,OCNT-2317298 -> OADMET-0006290 -> OADMET-0006244,6.793126058818171
OADMET-0006108,491,OCNT-2317298,6.845,4.9829278777081285,1,OCNT-2317298 -> OADMET-0006108,3.191291334720539
OADMET-0006270,491,OCNT-2317298,6.845,4.08998258512,1,OCNT-2317298 -> OADMET-0006270,3.846039312861123
OADMET-0006281,495,OCNT-2317538,5.859999999999999,5.979863572427952,2,OCNT-2317538 -> OADMET-0006498 -> OADMET-0006281,1.4752928784074255
OADMET-0006286,495,OCNT-2317538,5.859999999999999,2.965013507426706,3,OCNT-2317538 -> OADMET-0006498 -> OADMET-0006281 -> OADMET-0006286,3.6859176511022826
OADMET-0006591,495,OCNT-2317538,5.859999999999999,-2.5561774215050788,2,OCNT-2317538 -> OADMET-0006498 -> OADMET-0006591,7.734305192480626
OADMET-0006104,495,OCNT-2317538,5.859999999999999,5.651058230437357,3,OCNT-2317538 -> OADMET-0006498 -> OADMET-0006281 -> OADMET-0006104,1.7163878644688673
OADMET-0006498,495,OCNT-2317538,5.859999999999999,1.9660465841497812,1,OCNT-2317538 -> OADMET-0006498,4.418405496297271
OADMET-0006518,495,OCNT-2317538,5.859999999999999,1.6554601433771374,4,OCNT-2317538 -> OADMET-0006498 -> OADMET-0006281 -> OADMET-0006286 -> OADMET-0006518,4.646141557869821
OADMET-0006121,496,OCNT-2311662,5.84,3.836535721130156,2,OCNT-2311662 -> OADMET-0006103 -> OADMET-0006121,3.026878045805722
OADMET-0006103,496,OCNT-2311662,5.84,2.7390680762374675,1,OCNT-2311662 -> OADMET-0006103,3.8315910864954774
OADMET-0006099,500,OCNT-2317468,4.48,4.100238369185561,1,OCNT-2317468 -> OADMET-0006099,1.4735193069470882
OADMET-0006394,501,OCNT-2317134,6.470000000000001,8.121049523394037,3,OCNT-2317134 -> OADMET-0006513 -> OADMET-0006263 -> OADMET-0006394,0.5152782494544388
OADMET-0006500,501,OCNT-2317134,6.470000000000001,2.053382240160154,4,OCNT-2317134 -> OADMET-0006513 -> OADMET-0006263 -> OADMET-0006394 -> OADMET-0006500,4.964367033171907
OADMET-0006265,501,OCNT-2317134,6.470000000000001,15.663722334926579,5,OCNT-2317134 -> OADMET-0006513 -> OADMET-0006263 -> OADMET-0006394 -> OADMET-0006098 -> OADMET-0006265,-5.015351470103079
OADMET-0006098,501,OCNT-2317134,6.470000000000001,10.223974915948979,4,OCNT-2317134 -> OADMET-0006513 -> OADMET-0006263 -> OADMET-0006394 -> OADMET-0006098,-1.0266820031888688
OADMET-0006320,501,OCNT-2317134,6.470000000000001,9.219345663918364,4,OCNT-2317134 -> OADMET-0006513 -> OADMET-0006263 -> OADMET-0006613 -> OADMET-0006320,-0.29004228179965086
OADMET-0006147,501,OCNT-2317134,6.470000000000001,-3.762278940196532,3,OCNT-2317134 -> OADMET-0006513 -> OADMET-0006263 -> OADMET-0006147,9.228673515322285
OADMET-0006556,501,OCNT-2317134,6.470000000000001,1.2863501762594347,3,OCNT-2317134 -> OADMET-0006513 -> OADMET-0006263 -> OADMET-0006556,5.526789722643032
OADMET-0006613,501,OCNT-2317134,6.470000000000001,4.62756416546012,3,OCNT-2317134 -> OADMET-0006513 -> OADMET-0006263 -> OADMET-0006613,3.076860122114592
OADMET-0006263,501,OCNT-2317134,6.470000000000001,1.0485786846124854,2,OCNT-2317134 -> OADMET-0006513 -> OADMET-0006263,5.701134561803428
OADMET-0006513,501,OCNT-2317134,6.470000000000001,2.2620806671977136,1,OCNT-2317134 -> OADMET-0006513,4.811339883269018
OADMET-0006137,504,OCNT-2315327,6.215,-2.557780773340589,3,OCNT-2315327 -> OADMET-0006595 -> OADMET-0006133 -> OADMET-0006137,8.090480842748635
OADMET-0006156,504,OCNT-2315327,6.215,-0.05512047680686205,4,OCNT-2315327 -> OADMET-0006595 -> OADMET-0006133 -> OADMET-0006095 -> OADMET-0006156,6.255416832971742
OADMET-0006595,504,OCNT-2315327,6.215,-1.4966958941151989,1,OCNT-2315327 -> OADMET-0006595,7.312445295582343
OADMET-0006095,504,OCNT-2315327,6.215,3.7009307031261978,3,OCNT-2315327 -> OADMET-0006595 -> OADMET-0006133 -> OADMET-0006095,3.501309793865524
OADMET-0006471,504,OCNT-2315327,6.215,-5.210802221133793,2,OCNT-2315327 -> OADMET-0006595 -> OADMET-0006471,10.035796466588792
OADMET-0006133,504,OCNT-2315327,6.215,3.2649787753420725,2,OCNT-2315327 -> OADMET-0006595 -> OADMET-0006133,3.820969515074004
OADMET-0006400,505,OCNT-2312754,5.79,-0.9850037062513834,1,OCNT-2312754 -> OADMET-0006400,6.5122493813252555
OADMET-0006096,505,OCNT-2312754,5.79,5.604860355944673,3,OCNT-2312754 -> OADMET-0006400 -> OADMET-0006501 -> OADMET-0006096,1.6802622408383385
OADMET-0006371,505,OCNT-2312754,5.79,-2.640004854573199,5,OCNT-2312754 -> OADMET-0006400 -> OADMET-0006501 -> OADMET-0006096 -> OADMET-0006514 -> OADMET-0006371,7.72577126746825
OADMET-0006514,505,OCNT-2312754,5.79,5.909152491305655,4,OCNT-2312754 -> OADMET-0006400 -> OADMET-0006501 -> OADMET-0006096 -> OADMET-0006514,1.4571414494019246
OADMET-0006191,505,OCNT-2312754,5.79,1.4694021464999452,5,OCNT-2312754 -> OADMET-0006400 -> OADMET-0006501 -> OADMET-0006096 -> OADMET-0006514 -> OADMET-0006191,4.712567717773908
OADMET-0006094,505,OCNT-2312754,5.79,-2.2331851524584465,6,OCNT-2312754 -> OADMET-0006400 -> OADMET-0006501 -> OADMET-0006096 -> OADMET-0006514 -> OADMET-0006371 -> OADMET-0006094,7.42747261508905
OADMET-0006501,505,OCNT-2312754,5.79,4.488194628709362,2,OCNT-2312754 -> OADMET-0006400 -> OADMET-0006501,2.499052186017479
OADMET-0006404,505,OCNT-2312754,5.79,-1.3828499456281111,2,OCNT-2312754 -> OADMET-0006400 -> OADMET-0006404,6.80396828393321
OADMET-0006458,508,OCNT-2317528,6.01,3.643461613181275,2,OCNT-2317528 -> OADMET-0006568 -> OADMET-0006458,3.3384487364853532
OADMET-0006203,508,OCNT-2317528,6.01,-7.495458251584187,2,OCNT-2317528 -> OADMET-0006568 -> OADMET-0006203,11.506009863311473
OADMET-0006615,508,OCNT-2317528,6.01,2.8993261471578453,3,OCNT-2317528 -> OADMET-0006568 -> OADMET-0006597 -> OADMET-0006615,3.884082602171986
OADMET-0006597,508,OCNT-2317528,6.01,4.022782760868852,2,OCNT-2317528 -> OADMET-0006568 -> OADMET-0006597,3.0603132711036425
OADMET-0006326,508,OCNT-2317528,6.01,-5.715093126437948,2,OCNT-2317528 -> OADMET-0006568 -> OADMET-0006326,10.200565424870177
OADMET-0006565,508,OCNT-2317528,6.01,1.5701014828681767,3,OCNT-2317528 -> OADMET-0006568 -> OADMET-0006458 -> OADMET-0006565,4.8587303982488805
OADMET-0006091,508,OCNT-2317528,6.01,-1.9617494484248308,2,OCNT-2317528 -> OADMET-0006568 -> OADMET-0006091,7.448443648940336
OADMET-0006568,508,OCNT-2317528,6.01,-3.5161926450009826,1,OCNT-2317528 -> OADMET-0006568,8.5882318851745
OADMET-0006515,508,OCNT-2317528,6.01,-3.7840830872819575,2,OCNT-2317528 -> OADMET-0006568 -> OADMET-0006515,8.78466130465021
