Molecule Name,set,source,CNNaffinity,pred_pEC50_raw,has_rbfe,pEC50
OADMET-0006617,set1_phase1,docking_only,7.22313499,,False,4.440968822392131
OADMET-0006616,set2_phase2,blend_w0.5,7.36172533,0.0490133019623009,True,4.469698267776204
OADMET-0006615,set1_phase1,blend_w0.5,7.75987053,3.884082602171986,True,4.729871702757947
OADMET-0006614,set2_phase2,blend_w0.5,7.72448206,5.791857083010616,True,4.765326908600077
OADMET-0006613,set2_phase2,blend_w0.5,7.73887253,3.076860122114592,True,4.7003901879865655
OADMET-0006612,set1_phase1,blend_w0.5,7.09966516,-0.1013595524183585,True,4.360294185667386
OADMET-0006611,set2_phase2,docking_only,7.25883818,,False,4.469711920368118
OADMET-0006610,set1_phase1,blend_w0.5,7.36460686,7.352811645977203,True,4.661131859040913
OADMET-0006609,set1_phase1,blend_w0.5,7.4121685,-0.7600117771768469,True,4.468926894833276
OADMET-0006608,set2_phase2,docking_only,7.65848875,,False,4.791453352707045
OADMET-0006607,set2_phase2,blend_w0.5,8.03154087,2.437782831528095,True,4.801548698916581
OADMET-0006606,set1_phase1,blend_w0.5,7.55841684,8.031374627051633,True,4.756823357027958
OADMET-0006605,set2_phase2,blend_w0.5,7.7421279,4.578850836289639,True,4.740829429416446
OADMET-0006604,set1_phase1,docking_only,7.54729509,,False,4.701936134114295
OADMET-0006603,set1_phase1,docking_only,7.21853781,,False,4.437267831103867
OADMET-0006602,set2_phase2,blend_w0.5,7.80971766,5.161544611469422,True,4.783216179766499
OADMET-0006601,set2_phase2,blend_w0.5,7.37073183,10.175996557250784,True,4.737145067972193
OADMET-0006600,set1_phase1,blend_w0.5,7.28346395,1.5616892714482136,True,4.477603065035346
OADMET-0006599,set1_phase1,docking_only,7.63144922,,False,4.76968499363284
OADMET-0006598,set2_phase2,blend_w0.5,7.89780378,2.13491801811095,True,4.739825685601796
OADMET-0006597,set1_phase1,blend_w0.5,7.82352591,3.0603132711036425,True,4.7340345125140955
OADMET-0006596,set1_phase1,blend_w0.5,7.41280746,3.496122686215191,True,4.580062076829485
OADMET-0006595,set2_phase2,blend_w0.5,7.82992935,7.312445295582343,True,4.847385792715034
OADMET-0006594,set2_phase2,docking_only,7.73867655,,False,4.856009091056443
OADMET-0006593,set1_phase1,docking_only,7.62315369,,False,4.763006620312339
OADMET-0006592,set2_phase2,blend_w0.5,7.32016563,3.1005748613952853,True,4.532466557840693
OADMET-0006591,set2_phase2,blend_w0.5,8.11974621,7.734305192480626,True,4.975035331396602
OADMET-0006590,set2_phase2,docking_only,7.66812277,,False,4.7992092865819345
OADMET-0006589,set1_phase1,docking_only,7.68804312,,False,4.815246300971012
OADMET-0006588,set2_phase2,docking_only,8.16763687,,False,5.201346538650638
OADMET-0006587,set1_phase1,blend_w0.5,6.91094589,5.902693038280984,True,4.440742896537114
OADMET-0006586,set2_phase2,docking_only,8.45844841,,False,5.43546636342729
OADMET-0006585,set1_phase1,docking_only,7.07473326,,False,4.321496991858336
OADMET-0006584,set2_phase2,docking_only,7.30910301,,False,4.5101779664955455
OADMET-0006583,set2_phase2,blend_w0.5,8.13742352,10.22387377262078,True,5.047007534976494
OADMET-0006582,set1_phase1,blend_w0.5,7.43445349,4.954406471587023,True,4.626765457920385
OADMET-0006581,set1_phase1,blend_w0.5,7.95116806,8.992339652948115,True,4.939951309977624
OADMET-0006580,set1_phase1,docking_only,8.06786251,,False,5.121022505840925
OADMET-0006579,set1_phase1,docking_only,7.67128801,,False,4.801757484752393
OADMET-0006578,set1_phase1,blend_w0.5,6.64274359,5.635714218726887,True,4.325828691488205
OADMET-0006577,set2_phase2,docking_only,7.19093084,,False,4.415042650565935
OADMET-0006576,set2_phase2,blend_w0.5,7.65978003,5.413544624697956,True,4.729426957714837
OADMET-0006575,set2_phase2,docking_only,7.81726646,,False,4.919278437102383
OADMET-0006574,set1_phase1,docking_only,7.06707382,,False,4.3153307071548905
OADMET-0006573,set1_phase1,blend_w0.5,7.62643194,2.5033231729241616,True,4.640188251024947
OADMET-0006572,set2_phase2,blend_w0.5,7.08676291,12.956335584502778,True,4.695271046587292
OADMET-0006571,set2_phase2,blend_w0.5,6.98560667,6.240660573032276,True,4.479600488318975
OADMET-0006570,set1_phase1,blend_w0.5,7.26476049,3.7067437820728655,True,4.5259559231615665
OADMET-0006568,set1_phase1,blend_w0.5,7.90708399,8.5882318851745,True,4.9116786719100345
OADMET-0006567,set1_phase1,blend_w0.5,7.13563919,13.908191607877454,True,4.739742258427489
OADMET-0006566,set1_phase1,blend_w0.5,7.59856558,4.905291723954715,True,4.691545735002489
OADMET-0006565,set1_phase1,blend_w0.5,7.75111246,4.8587303982488805,True,4.751737206318602
OADMET-0006564,set1_phase1,blend_w0.5,7.27135134,5.862085614401033,True,4.584758458618129
OADMET-0006562,set2_phase2,docking_only,7.4128418,,False,4.593693590866373
OADMET-0006561,set1_phase1,blend_w0.5,7.32608938,8.25927201973424,True,4.669241980695345
OADMET-0006560,set2_phase2,docking_only,7.56158018,,False,4.713436443791547
OADMET-0006559,set1_phase1,blend_w0.5,7.31660986,-1.3294270251541942,True,4.415627798503791
OADMET-0006558,set2_phase2,docking_only,7.39026642,,False,4.575519126366558
OADMET-0006557,set1_phase1,blend_w0.5,7.5496316,4.103718803353031,True,4.650966372646606
OADMET-0006556,set2_phase2,blend_w0.5,7.3948245,5.526789722643032,True,4.625725010340108
OADMET-0006555,set1_phase1,blend_w0.5,7.11029053,9.048900523051229,True,4.602947684824999
OADMET-0006554,set2_phase2,docking_only,7.33067179,,False,4.527542060761702
OADMET-0006553,set2_phase2,docking_only,7.45028305,,False,4.623835925965658
OADMET-0006552,set1_phase1,blend_w0.5,7.86743927,3.83396971283568,True,4.771865671059686
OADMET-0006551,set2_phase2,docking_only,7.07019806,,False,4.317845897994156
OADMET-0006550,set2_phase2,blend_w0.5,7.70836067,4.495393759837196,True,4.72506299115416
OADMET-0006549,set2_phase2,blend_w0.5,7.82777643,3.8348593078024176,True,4.755923425513043
OADMET-0006548,set1_phase1,docking_only,6.9257412,,False,4.201549912109325
OADMET-0006547,set1_phase1,docking_only,7.29382563,,False,4.497878806948279
OADMET-0006546,set1_phase1,blend_w0.5,8.09113789,8.816894532617393,True,4.991722566272507
OADMET-0006545,set1_phase1,blend_w0.5,7.67064619,9.597674394706235,True,4.842803060111779
OADMET-0006544,set1_phase1,blend_w0.5,7.26587439,1.9609860950046647,True,4.4809249821793165
OADMET-0006543,set2_phase2,blend_w0.5,7.58385611,6.387719961573337,True,4.724243988986686
OADMET-0006542,set1_phase1,blend_w0.5,7.44519997,6.436377780246184,True,4.66969855186263
OADMET-0006541,set2_phase2,docking_only,7.12179756,,False,4.359386429358773
OADMET-0006540,set1_phase1,blend_w0.5,7.65351629,4.6946840393111975,True,4.708178346748592
OADMET-0006539,set1_phase1,docking_only,7.58616018,,False,4.733224741370831
OADMET-0006537,set2_phase2,blend_w0.5,8.32084942,-0.193494854692048,True,4.849455320028797
OADMET-0006536,set1_phase1,blend_w0.5,6.99281311,6.4998352660145775,True,4.48925313190385
OADMET-0006535,set2_phase2,blend_w0.5,8.44088078,4.338837681696528,True,5.015844665633013
OADMET-0006534,set1_phase1,docking_only,7.07648516,,False,4.322907370968553
OADMET-0006533,set1_phase1,blend_w0.5,7.12371635,7.003067568214274,True,4.555055280495614
OADMET-0006532,set1_phase1,blend_w0.5,7.61381006,3.3912078676281388,True,4.658238166642558
OADMET-0006531,set1_phase1,blend_w0.5,8.08938694,7.230713278838423,True,4.949695620756122
OADMET-0006530,set1_phase1,docking_only,7.75036669,,False,4.865420318439011
OADMET-0006529,set1_phase1,blend_w0.5,7.28203726,7.533030861208667,True,4.6325901987064535
OADMET-0006528,set2_phase2,docking_only,7.1709404,,False,4.398949209741653
OADMET-0006526,set2_phase2,blend_w0.5,7.26978064,4.158918838816078,True,4.539756439895051
OADMET-0006525,set1_phase1,docking_only,7.29192495,,False,4.4963486514786695
OADMET-0006524,set2_phase2,blend_w0.5,7.94900751,4.341262629160779,True,4.817914864013767
OADMET-0006523,set1_phase1,docking_only,7.55515051,,False,4.708260193860847
OADMET-0006522,set1_phase1,blend_w0.5,7.6679287,9.542627683698653,True,4.840275152851101
OADMET-0006521,set2_phase2,docking_only,6.89101934,,False,4.173596840580185
OADMET-0006520,set1_phase1,blend_w0.5,7.17175055,4.156365461743153,True,4.50023002287325
OADMET-0006519,set2_phase2,docking_only,7.804461,,False,4.908969313704514
OADMET-0006518,set2_phase2,blend_w0.5,8.06053543,4.646141557869821,True,4.870750525405819
OADMET-0006517,set1_phase1,blend_w0.5,7.25411224,2.8354423216597,True,4.4989711340508745
OADMET-0006516,set2_phase2,docking_only,7.73082352,,False,4.849686955395782
OADMET-0006515,set1_phase1,blend_w0.5,7.97551394,8.78466130465021,True,4.944340920698909
OADMET-0006514,set1_phase1,blend_w0.5,7.56455755,1.4571414494019246,True,4.588027620020801
OADMET-0006513,set2_phase2,blend_w0.5,7.98314524,4.811339883269018,True,4.843902410617849
OADMET-0006512,set2_phase2,blend_w0.5,7.14922762,2.479816451146716,True,4.447487564218523
OADMET-0006511,set1_phase1,docking_only,7.02439547,,False,4.28097220878252
OADMET-0006510,set2_phase2,docking_only,7.51689005,,False,4.6774583481326
OADMET-0006509,set2_phase2,docking_only,7.61734533,,False,4.758330560258328
OADMET-0006508,set2_phase2,blend_w0.5,7.53132105,5.706094989305977,True,4.685339893675364
OADMET-0006507,set1_phase1,docking_only,7.39643478,,False,4.580485006889592
OADMET-0006506,set1_phase1,blend_w0.5,7.6589222,1.002682671527527,True,4.614172816734283
OADMET-0006505,set2_phase2,blend_w0.5,7.55315161,6.481751539212031,True,4.714334202911707
OADMET-0006504,set1_phase1,blend_w0.5,7.23790216,3.7610946390224447,True,4.516560594128651
OADMET-0006503,set2_phase2,docking_only,7.49994659,,False,4.663817899454703
OADMET-0006502,set2_phase2,blend_w0.5,8.41777515,4.560735758740028,True,5.012324733705582
OADMET-0006501,set1_phase1,blend_w0.5,7.78035116,2.499052186017479,True,4.702033847966252
OADMET-0006500,set2_phase2,blend_w0.5,7.74413919,4.964367033171907,True,4.75168224220721
OADMET-0006499,set1_phase1,blend_w0.5,7.82406044,8.229630712596155,True,4.868917293656095
OADMET-0006498,set2_phase2,blend_w0.5,7.66852951,4.418405496297271,True,4.707024169882989
OADMET-0006497,set2_phase2,docking_only,7.46018076,,False,4.631804145283537
OADMET-0006496,set2_phase2,blend_w0.5,8.56646729,3.7224794521612687,True,5.050339851844065
OADMET-0006495,set2_phase2,blend_w0.5,7.73148012,5.687015937437964,True,4.765412574950359
OADMET-0006494,set1_phase1,blend_w0.5,7.51694345,3.894181893541397,True,4.632349746853647
OADMET-0006493,set2_phase2,docking_only,8.22303867,,False,5.24594813770792
OADMET-0006492,set2_phase2,docking_only,8.27133179,,False,5.284826845177086
OADMET-0006491,set2_phase2,docking_only,8.16127014,,False,5.1962209589986035
OADMET-0006490,set1_phase1,docking_only,7.2328701,,False,4.4488061394648355
OADMET-0006489,set2_phase2,docking_only,8.25798988,,False,5.274085849027532
OADMET-0006488,set2_phase2,blend_w0.5,8.51046371,5.968117152308839,True,5.086298677569609
OADMET-0006487,set2_phase2,blend_w0.5,8.07346058,4.906492290496032,True,4.88273574974613
OADMET-0006486,set2_phase2,blend_w0.5,7.82929039,6.1098285196151805,True,4.815798821286751
OADMET-0006485,set2_phase2,docking_only,7.79192209,,False,4.8988747782122495
OADMET-0006484,set1_phase1,blend_w0.5,7.76776266,12.930314940574796,True,4.968714933739847
OADMET-0006483,set2_phase2,blend_w0.5,7.96631479,7.012372077247019,True,4.894467501868817
OADMET-0006482,set1_phase1,blend_w0.5,7.73348999,0.0858914398611432,True,4.620304837101486
OADMET-0006481,set2_phase2,docking_only,7.87913513,,False,4.969086234205498
OADMET-0006479,set2_phase2,blend_w0.5,7.34802628,4.499081397607597,True,4.58011422304703
OADMET-0006478,set2_phase2,blend_w0.5,7.49907303,11.380861470329217,True,4.820194388444319
OADMET-0006477,set1_phase1,blend_w0.5,7.95619583,6.79060850152454,True,4.884617095711761
OADMET-0006476,set2_phase2,docking_only,6.97641325,,False,4.242343793490628
OADMET-0006475,set2_phase2,blend_w0.5,8.79375744,7.532075572785095,True,5.241075661607809
OADMET-0006474,set2_phase2,blend_w0.5,7.49809504,3.0340573287487267,True,4.60235533326508
OADMET-0006472,set1_phase1,blend_w0.5,7.53653288,2.615661495620467,True,4.606927886834658
OADMET-0006471,set2_phase2,blend_w0.5,7.95972824,10.035796466588792,True,4.970580468237922
OADMET-0006470,set2_phase2,docking_only,7.98791504,,False,5.056660246806306
OADMET-0006469,set1_phase1,docking_only,7.03021812,,False,4.285659773099038
OADMET-0006468,set1_phase1,docking_only,7.43607473,,False,4.612397420503424
OADMET-0006467,set2_phase2,blend_w0.5,7.80464029,13.141692104137189,True,4.989065885402316
OADMET-0006466,set2_phase2,docking_only,7.69789457,,False,4.823177278358621
OADMET-0006465,set2_phase2,blend_w0.5,8.02361393,-4.721668744946674,True,4.611844612609957
OADMET-0006464,set2_phase2,blend_w0.5,7.12820244,7.380577450484604,True,4.56669569546317
OADMET-0006463,set1_phase1,blend_w0.5,7.39842844,4.491883511218274,True,4.600215010794161
OADMET-0006462,set1_phase1,blend_w0.5,7.7527504,6.723180105940801,True,4.800967926660968
OADMET-0006461,set1_phase1,docking_only,7.37486792,,False,4.563122458332604
OADMET-0006460,set1_phase1,blend_w0.5,6.95476961,6.457310424544835,True,4.472831712739552
OADMET-0006459,set2_phase2,docking_only,7.80183649,,False,4.906856433929095
OADMET-0006458,set1_phase1,blend_w0.5,7.46812057,3.338448736485353,True,4.598219559311014
OADMET-0006457,set2_phase2,blend_w0.5,7.68429041,5.024829095423456,True,4.729166524210621
OADMET-0006456,set2_phase2,blend_w0.5,7.76843882,3.3594986235818323,True,4.7196545703916515
OADMET-0006455,set1_phase1,docking_only,7.62530136,,False,4.764735616775402
OADMET-0006454,set2_phase2,docking_only,7.91467237,,False,4.997695732995835
OADMET-0006453,set1_phase1,blend_w0.5,7.60310411,7.382769981780124,True,4.757914237077022
OADMET-0006452,set1_phase1,blend_w0.5,7.24600601,2.0917737068792435,True,4.476334586207983
OADMET-0006451,set1_phase1,docking_only,7.94419241,,False,5.021461043657853
OADMET-0006450,set2_phase2,docking_only,7.59379244,,False,4.739369144628865
OADMET-0006449,set1_phase1,docking_only,7.42656755,,False,4.604743600040452
OADMET-0006448,set2_phase2,docking_only,7.38039255,,False,4.567570099604184
OADMET-0006447,set2_phase2,blend_w0.5,8.32578945,2.99132115971333,True,4.934412529743585
OADMET-0006446,set2_phase2,blend_w0.5,7.27923775,2.9383133702799853,True,4.511764794218234
OADMET-0006445,set1_phase1,docking_only,7.29339361,,False,4.497531006284316
OADMET-0006443,set1_phase1,docking_only,7.30309629,,False,4.505342215363102
OADMET-0006442,set1_phase1,blend_w0.5,7.95530319,2.762060084004845,True,4.779308720504073
OADMET-0006441,set1_phase1,docking_only,8.0475378,,False,5.104659958660589
OADMET-0006440,set1_phase1,blend_w0.5,7.6334157,5.947387962619553,True,4.732721896720889
OADMET-0006439,set1_phase1,blend_w0.5,7.58967543,9.364588221674724,True,4.804137821425496
OADMET-0006438,set2_phase2,blend_w0.5,7.26923561,8.298665343831734,True,4.647382970625091
OADMET-0006437,set2_phase2,blend_w0.5,8.10002041,13.786630038677895,True,5.12476627496317
OADMET-0006436,set2_phase2,docking_only,7.82783508,,False,4.9277867771171255
OADMET-0006435,set1_phase1,docking_only,7.38351679,,False,4.570085290443448
OADMET-0006434,set2_phase2,blend_w0.5,8.00464821,5.860891629702238,True,4.879900190938981
OADMET-0006433,set1_phase1,blend_w0.5,7.7834878,-0.1917030959122669,True,4.633198668927125
OADMET-0006432,set2_phase2,docking_only,7.16136694,,False,4.3912420301101065
OADMET-0006431,set1_phase1,blend_w0.5,8.49979496,4.1369289446683695,True,5.034299305926199
OADMET-0006430,set1_phase1,docking_only,7.55475569,,False,4.707942341312016
OADMET-0006429,set1_phase1,blend_w0.5,7.50042963,0.2758427391602804,True,4.531439901312767
OADMET-0006428,set2_phase2,docking_only,7.32891607,,False,4.526128606334286
OADMET-0006427,set1_phase1,blend_w0.5,7.70459604,4.080228396765042,True,4.712732008822347
OADMET-0006426,set2_phase2,docking_only,7.7739234,,False,4.88438480938567
OADMET-0006425,set2_phase2,blend_w0.5,7.72604513,10.774507034825746,True,4.895760769125435
OADMET-0006424,set1_phase1,docking_only,7.66238451,,False,4.7945896610136955
OADMET-0006423,set2_phase2,docking_only,7.0751214,,False,4.321809466627352
OADMET-0006422,set2_phase2,blend_w0.5,7.02955866,3.3898099082176034,True,4.423023949636709
OADMET-0006421,set2_phase2,blend_w0.5,7.44664383,5.475037591499179,True,4.645235551769336
OADMET-0006420,set1_phase1,docking_only,7.9527297,,False,5.028334047524437
OADMET-0006419,set2_phase2,docking_only,7.00954247,,False,4.269014699264819
OADMET-0006418,set1_phase1,blend_w0.5,6.87607956,5.679339413746542,True,4.420889547513805
OADMET-0006417,set2_phase2,blend_w0.5,7.41903305,4.783721374727593,True,4.616111717883305
OADMET-0006416,set1_phase1,docking_only,7.56749535,,False,4.718198491968604
OADMET-0006415,set1_phase1,blend_w0.5,7.68907881,4.444218299414223,True,4.715968305300532
OADMET-0006414,set1_phase1,blend_w0.5,7.47932482,8.140610021406262,True,4.727832298249083
OADMET-0006413,set1_phase1,blend_w0.5,7.12749481,6.663850344233516,True,4.547739156706202
OADMET-0006412,set1_phase1,docking_only,7.54468346,,False,4.699833623471211
OADMET-0006411,set2_phase2,blend_w0.5,8.4646225,-0.3569556337297905,True,4.903069700655379
OADMET-0006410,set1_phase1,docking_only,7.37140894,,False,4.560337782760561
OADMET-0006409,set1_phase1,blend_w0.5,7.36316061,4.542317084930577,True,4.5873325684801145
OADMET-0006408,set1_phase1,docking_only,7.65654945,,False,4.789892105941565
OADMET-0006407,set2_phase2,blend_w0.5,7.86328745,2.185421652769488,True,4.727247568583433
OADMET-0006406,set2_phase2,blend_w0.5,8.19380665,-0.5297298186816084,True,4.789557623874462
OADMET-0006405,set2_phase2,docking_only,7.43457651,,False,4.611191268217043
OADMET-0006404,set1_phase1,blend_w0.5,8.10743332,6.80396828393321,True,4.945842525156935
OADMET-0006401,set1_phase1,docking_only,7.68255281,,False,4.8108262892508105
OADMET-0006400,set1_phase1,blend_w0.5,7.69607019,6.512249381325256,True,4.772657503907391
OADMET-0006399,set1_phase1,docking_only,8.0073595,,False,5.072314142687041
OADMET-0006398,set2_phase2,blend_w0.5,8.07280445,2.908978151572004,True,4.830433729837495
OADMET-0006397,set2_phase2,docking_only,7.60319281,,False,4.746936976968792
OADMET-0006396,set1_phase1,blend_w0.5,7.251719,5.937820495736061,True,4.57882887836076
OADMET-0006395,set1_phase1,blend_w0.5,7.94740677,2.3378425564564345,True,4.765078754269394
OADMET-0006394,set2_phase2,blend_w0.5,7.81936026,0.5152782494544388,True,4.666056161390537
OADMET-0006393,set1_phase1,docking_only,7.32962465,,False,4.526699053523005
OADMET-0006392,set2_phase2,docking_only,7.53604364,,False,4.692878077124934
OADMET-0006391,set2_phase2,docking_only,7.63312387,,False,4.771033182100746
OADMET-0006390,set2_phase2,docking_only,7.57741022,,False,4.726180526062173
OADMET-0006389,set2_phase2,blend_w0.5,7.74190903,8.056270220897469,True,4.831332743480394
OADMET-0006388,set2_phase2,blend_w0.5,8.61988735,4.021146925581671,True,5.07962363092713
OADMET-0006386,set1_phase1,blend_w0.5,7.78685379,5.968429655618694,True,4.795033254249471
OADMET-0006385,set1_phase1,docking_only,7.62725306,,False,4.766306846245927
OADMET-0006384,set2_phase2,blend_w0.5,7.29984522,3.256224597422095,True,4.5283418984552934
OADMET-0006383,set2_phase2,blend_w0.5,7.6861825,8.780159690455529,True,4.827759517581621
OADMET-0006382,set2_phase2,docking_only,7.70134115,,False,4.825951971225619
OADMET-0006381,set2_phase2,blend_w0.5,6.93455124,6.717899065842702,True,4.471481925874608
OADMET-0006380,set2_phase2,blend_w0.5,7.93046999,3.4851128269675167,True,4.7881491403584455
OADMET-0006379,set1_phase1,docking_only,7.77882624,,False,4.8883318743532715
OADMET-0006378,set1_phase1,docking_only,6.96341562,,False,4.231879962316281
OADMET-0006377,set2_phase2,blend_w0.5,8.04115582,6.947689537145562,True,4.922908077627955
OADMET-0006375,set1_phase1,blend_w0.5,8.33666515,3.825009712242623,True,4.960509007502037
OADMET-0006374,set1_phase1,blend_w0.5,7.54611015,3.4005344979423997,True,4.631229999379277
OADMET-0006373,set2_phase2,docking_only,7.84012604,,False,4.937681698761352
OADMET-0006372,set1_phase1,blend_w0.5,7.38875008,2.514364764089556,True,4.544802193455185
OADMET-0006371,set1_phase1,blend_w0.5,7.68388224,7.72577126746825,True,4.799365372074494
OADMET-0006370,set2_phase2,blend_w0.5,8.03525257,3.195649154255529,True,4.822786192739871
OADMET-0006369,set1_phase1,docking_only,6.86694098,,False,4.154212391723345
OADMET-0006368,set1_phase1,docking_only,7.39530993,,False,4.57957943868243
OADMET-0006367,set2_phase2,blend_w0.5,7.48757744,5.868192409681105,True,4.671954701168694
OADMET-0006366,set1_phase1,blend_w0.5,7.80654526,5.934222822983075,True,4.802068497099178
OADMET-0006365,set2_phase2,blend_w0.5,8.2413578,3.945404328265104,True,4.925281530025394
OADMET-0006364,set2_phase2,blend_w0.5,7.51910639,14.137059103192913,True,4.900061011760234
OADMET-0006363,set1_phase1,docking_only,7.18393564,,False,4.409411116830107
OADMET-0006362,set2_phase2,docking_only,7.43520594,,False,4.611697995155421
OADMET-0006361,set2_phase2,blend_w0.5,8.11244297,5.547801500516956,True,4.915134230684469
OADMET-0006360,set1_phase1,docking_only,7.53577948,,False,4.692665413305223
OADMET-0006359,set2_phase2,blend_w0.5,7.71973848,5.433226283561117,True,4.754074671888233
OADMET-0006358,set2_phase2,docking_only,7.4034791,,False,4.5861560850183025
OADMET-0006357,set2_phase2,blend_w0.5,8.04469013,7.02921381975314,True,4.9264545542337235
OADMET-0006356,set2_phase2,blend_w0.5,7.29933405,5.54567182421109,True,4.587779293441709
OADMET-0006355,set2_phase2,blend_w0.5,8.02642536,3.6316703648387705,True,4.830591924154842
OADMET-0006354,set2_phase2,docking_only,7.48843193,,False,4.654547943449645
OADMET-0006353,set2_phase2,blend_w0.5,6.94416237,2.875682512678193,True,4.375255810425342
OADMET-0006352,set2_phase2,docking_only,7.99274683,,False,5.060550112484117
OADMET-0006351,set1_phase1,blend_w0.5,7.47971582,2.419112726309669,True,4.57893704719344
OADMET-0006350,set1_phase1,blend_w0.5,7.48381186,3.3086913264447007,True,4.6037605293850135
OADMET-0006349,set2_phase2,docking_only,7.39213753,,False,4.577025476304867
OADMET-0006348,set2_phase2,docking_only,7.84499741,,False,4.9416034285896195
OADMET-0006347,set1_phase1,blend_w0.5,7.50796556,6.283692897706398,True,4.690985841270208
OADMET-0006346,set2_phase2,blend_w0.5,8.27908611,4.806204677859611,True,4.962893245200242
OADMET-0006345,set2_phase2,docking_only,6.43908548,,False,3.8097643870474394
OADMET-0006344,set1_phase1,docking_only,7.28966951,,False,4.494532894037977
OADMET-0006343,set2_phase2,docking_only,7.22794199,,False,4.444838730710423
OADMET-0006342,set2_phase2,docking_only,7.36620855,,False,4.556151173124746
OADMET-0006341,set1_phase1,docking_only,7.74382257,,False,4.860151929750867
OADMET-0006340,set1_phase1,blend_w0.5,7.48609543,5.351042797385567,True,4.65788571249332
OADMET-0006339,set2_phase2,blend_w0.5,7.99832916,9.750984829946216,True,4.978698712725535
OADMET-0006338,set2_phase2,blend_w0.5,7.02913332,3.85372877884746,True,4.434938443857738
OADMET-0006337,set2_phase2,blend_w0.5,7.46144629,8.684906967829464,True,4.734815343451043
OADMET-0006336,set1_phase1,blend_w0.5,7.26409674,10.753586020505818,True,4.709268388987642
OADMET-0006335,set1_phase1,docking_only,7.60532331,,False,4.748652150605597
OADMET-0006334,set1_phase1,blend_w0.5,7.77344751,4.784433902582991,True,4.758792176052999
OADMET-0006333,set2_phase2,blend_w0.5,8.1444664,4.662077405757051,True,4.904950277024115
OADMET-0006332,set2_phase2,blend_w0.5,7.64169455,4.300231457673617,True,4.693143744181458
OADMET-0006331,set1_phase1,docking_only,7.62359476,,False,4.76336170674087
OADMET-0006330,set2_phase2,docking_only,7.20709848,,False,4.4280585200319535
OADMET-0006329,set2_phase2,docking_only,7.97898245,,False,5.049469003963598
OADMET-0006328,set1_phase1,blend_w0.5,7.71345091,10.240113471821587,True,4.876769572086465
OADMET-0006327,set2_phase2,docking_only,8.05182743,,False,5.108113354712055
OADMET-0006326,set1_phase1,blend_w0.5,7.75350809,10.200565424870176,True,4.89186344643135
OADMET-0006325,set2_phase2,blend_w0.5,7.75413179,8.366663276768445,True,4.844338905177544
OADMET-0006324,set1_phase1,blend_w0.5,7.4534626,5.223351318478968,True,4.641423537267949
OADMET-0006323,set2_phase2,docking_only,7.86460686,,False,4.957390150801423
OADMET-0006322,set2_phase2,docking_only,7.13666487,,False,4.371355459240119
OADMET-0006321,set2_phase2,blend_w0.5,7.16243505,3.277903539333186,True,4.473595163936171
OADMET-0006320,set2_phase2,blend_w0.5,7.84639692,-0.2900422817996508,True,4.6559595111603365
OADMET-0006319,set2_phase2,docking_only,7.61741209,,False,4.758384305854193
OADMET-0006318,set1_phase1,docking_only,7.74099541,,False,4.857875905203095
OADMET-0006317,set2_phase2,blend_w0.5,7.871984,4.222409288899188,True,4.783814423402929
OADMET-0006316,set2_phase2,docking_only,7.19539595,,False,4.418637317994911
OADMET-0006315,set2_phase2,docking_only,7.3175292,,False,4.516961528545163
OADMET-0006314,set2_phase2,docking_only,7.4805584,,False,4.648209304123387
OADMET-0006313,set1_phase1,docking_only,7.4450345,,False,4.619610544791541
OADMET-0006312,set2_phase2,docking_only,7.40424013,,False,4.586768757439245
OADMET-0006311,set1_phase1,blend_w0.5,7.16901016,5.064971797702262,True,4.5227973455456665
OADMET-0006310,set2_phase2,docking_only,7.13886881,,False,4.373129756252604
OADMET-0006309,set2_phase2,blend_w0.5,6.95362282,4.089752489131484,True,4.4106920535230465
OADMET-0006308,set1_phase1,docking_only,7.74349356,,False,4.8598870579938875
OADMET-0006307,set2_phase2,blend_w0.5,6.76849174,7.325271565233925,True,4.420461120312593
OADMET-0006306,set1_phase1,docking_only,7.14953184,,False,4.381714101685347
OADMET-0006305,set1_phase1,blend_w0.5,7.74038935,7.089526648283062,True,4.805536068925671
OADMET-0006304,set1_phase1,blend_w0.5,7.84771156,6.076037432521805,True,4.822333562999024
OADMET-0006303,set1_phase1,blend_w0.5,7.71085739,6.75270300003537,True,4.784873909939782
OADMET-0006302,set1_phase1,blend_w0.5,7.79965782,3.749063612960736,True,4.74236979325664
OADMET-0006301,set1_phase1,blend_w0.5,7.21401024,8.61790499573323,True,4.6334698081331815
OADMET-0006300,set2_phase2,docking_only,7.64255571,,False,4.778626349580005
OADMET-0006299,set1_phase1,blend_w0.5,7.19155693,6.085912840997757,True,4.558469938044492
OADMET-0006298,set1_phase1,blend_w0.5,7.48261499,8.692015333754433,True,4.743521529428375
OADMET-0006297,set2_phase2,blend_w0.5,7.23859787,8.595561857145796,True,4.642784959638415
OADMET-0006296,set1_phase1,blend_w0.5,7.86992121,3.806798823170259,True,4.772156884534878
OADMET-0006295,set2_phase2,docking_only,7.21722031,,False,4.436207168692935
OADMET-0006294,set1_phase1,docking_only,7.15172815,,False,4.383482256114004
OADMET-0006293,set2_phase2,blend_w0.5,7.75943613,2.3952072022857,True,4.6909096533901185
OADMET-0006292,set1_phase1,docking_only,7.47062731,,False,4.640214212007576
OADMET-0006291,set2_phase2,docking_only,7.14916849,,False,4.38142158427585
OADMET-0006290,set1_phase1,blend_w0.5,7.44121313,6.873392223605888,True,4.67947854484969
OADMET-0006289,set2_phase2,blend_w0.5,7.70531988,6.2259187428556055,True,4.768921471863477
OADMET-0006288,set1_phase1,docking_only,7.31712961,,False,4.516639835875118
OADMET-0006287,set1_phase1,docking_only,7.81492996,,False,4.917397421752749
OADMET-0006286,set2_phase2,blend_w0.5,8.05340862,3.685917651102282,True,4.8428666676154695
OADMET-0006285,set1_phase1,docking_only,7.01866293,,False,4.276357188139512
OADMET-0006284,set1_phase1,docking_only,7.44746733,,False,4.621569111268345
OADMET-0006283,set1_phase1,blend_w0.5,7.58239603,5.712582779890444,True,4.706068040748441
OADMET-0006282,set2_phase2,blend_w0.5,8.33677959,3.644675634374303,True,4.955857129477606
OADMET-0006281,set2_phase2,blend_w0.5,7.47898865,1.4752928784074255,True,4.554056574063783
OADMET-0006280,set1_phase1,blend_w0.5,7.37944651,7.082987003609807,True,4.6600759480401965
OADMET-0006279,set2_phase2,docking_only,7.37746429,,False,4.565212683808028
OADMET-0006278,set2_phase2,docking_only,7.12564039,,False,4.362480126005909
OADMET-0006277,set1_phase1,docking_only,7.16017866,,False,4.3902853971464175
OADMET-0006276,set2_phase2,docking_only,6.91854334,,False,4.1957552255505774
OADMET-0006275,set1_phase1,docking_only,7.50318718,,False,4.666426758659441
OADMET-0006274,set1_phase1,docking_only,7.80382729,,False,4.908459141122782
OADMET-0006273,set1_phase1,docking_only,7.43166161,,False,4.608844607980515
OADMET-0006272,set1_phase1,blend_w0.5,7.47766638,2.8441165831205195,True,4.589184006951928
OADMET-0006271,set1_phase1,docking_only,7.68303537,,False,4.811214777488397
OADMET-0006270,set1_phase1,blend_w0.5,7.73440552,3.846039312861123,True,4.71863023382922
OADMET-0006269,set2_phase2,blend_w0.5,7.54950714,7.079851701953428,True,4.728448507510116
OADMET-0006268,set1_phase1,docking_only,7.33324862,,False,4.529616555426113
OADMET-0006267,set2_phase2,blend_w0.5,7.96197271,6.142173369342433,True,4.8700498536369015
OADMET-0006266,set1_phase1,blend_w0.5,7.22458029,5.051327695525421,True,4.5448104556155196
OADMET-0006265,set2_phase2,blend_w0.5,8.13444996,-5.015351470103079,True,4.648808438764747
OADMET-0006264,set1_phase1,blend_w0.5,6.89489412,12.152333755085762,True,4.597093083368723
OADMET-0006263,set2_phase2,blend_w0.5,7.90721846,5.701134561803428,True,4.836520061905627
OADMET-0006262,set1_phase1,docking_only,7.79077005,,False,4.897947320509106
OADMET-0006260,set1_phase1,blend_w0.5,7.22740602,5.226998881043004,True,4.550524361083421
OADMET-0006259,set1_phase1,docking_only,8.1820755,,False,5.212970456757926
OADMET-0006258,set2_phase2,blend_w0.5,8.1610651,6.622714851867302,True,4.96270894753377
OADMET-0006257,set1_phase1,blend_w0.5,7.18293762,12.882838467104056,True,4.732069403544472
OADMET-0006256,set1_phase1,blend_w0.5,7.38025093,5.839553951912914,True,4.628006659645422
OADMET-0006255,set1_phase1,docking_only,7.6850028,,False,4.812798670503305
OADMET-0006254,set2_phase2,blend_w0.5,9.16276073,6.475054329464107,True,5.362073162354055
OADMET-0006252,set1_phase1,docking_only,8.52813053,,False,5.49156443204061
OADMET-0006251,set1_phase1,blend_w0.5,8.05008888,-0.9803403260593893,True,4.71996813062793
OADMET-0006250,set2_phase2,docking_only,7.21073151,,False,4.430983315750199
OADMET-0006249,set1_phase1,blend_w0.5,7.5067153,7.8721422071215805,True,4.731863800315567
OADMET-0006248,set2_phase2,docking_only,7.1097374,,False,4.349677314837463
OADMET-0006247,set2_phase2,blend_w0.5,8.12017441,6.216485112350159,True,4.9356664555057925
OADMET-0006246,set1_phase1,docking_only,7.37418604,,False,4.562573506162003
OADMET-0006245,set1_phase1,blend_w0.5,7.84618044,5.877073745336708,True,4.816533974109392
OADMET-0006244,set1_phase1,blend_w0.5,7.23649597,6.793126058818171,True,4.594983027300328
OADMET-0006243,set2_phase2,blend_w0.5,7.8506875,3.434557000732278,True,4.75471737324301
OADMET-0006242,set2_phase2,blend_w0.5,7.26184082,2.7875190356519544,True,4.500833641665773
OADMET-0006241,set2_phase2,docking_only,7.64507294,,False,4.780652862855657
OADMET-0006240,set2_phase2,docking_only,8.02929115,,False,5.089970367935404
OADMET-0006239,set2_phase2,docking_only,8.14106464,,False,5.179954382646356
OADMET-0006238,set2_phase2,docking_only,7.54178476,,False,4.6975000051557885
OADMET-0006237,set1_phase1,docking_only,7.37645483,,False,4.564400011111756
OADMET-0006236,set2_phase2,blend_w0.5,7.96966314,11.80477664209743,True,5.020663842142131
OADMET-0006235,set2_phase2,docking_only,8.30323601,,False,5.310511556299746
OADMET-0006234,set1_phase1,blend_w0.5,7.85273027,10.368104536685289,True,4.9361678121259285
OADMET-0006233,set1_phase1,docking_only,7.27565813,,False,4.483252936473436
OADMET-0006232,set1_phase1,blend_w0.5,7.20001984,1.2653087989484255,True,4.436293331693577
OADMET-0006231,set2_phase2,docking_only,7.83165598,,False,4.930862818867357
OADMET-0006230,set1_phase1,docking_only,6.9591403,,False,4.228438086628458
OADMET-0006229,set2_phase2,docking_only,6.62842131,,False,3.9621904955283553
OADMET-0006228,set1_phase1,blend_w0.5,7.49860573,5.579614575658941,True,4.668876063746005
OADMET-0006227,set1_phase1,docking_only,7.34856653,,False,4.541948343927851
OADMET-0006226,set1_phase1,docking_only,7.73999548,,False,4.857070904698682
OADMET-0006225,set1_phase1,blend_w0.5,7.25380182,2.4209885647310747,True,4.488049107734128
OADMET-0006224,set1_phase1,blend_w0.5,7.57995558,4.988322092301967,True,4.686217732831659
OADMET-0006222,set1_phase1,blend_w0.5,7.03430891,11.36394640763996,True,4.6326729573183645
OADMET-0006220,set2_phase2,blend_w0.5,7.14458847,11.662484984138004,True,4.684840943684475
OADMET-0006219,set1_phase1,docking_only,7.20017004,,False,4.4224807318919925
OADMET-0006218,set1_phase1,blend_w0.5,7.19738579,5.850213828493454,True,4.554675946096628
OADMET-0006217,set2_phase2,blend_w0.5,7.33946085,3.3372614691235785,True,4.546399434419452
OADMET-0006216,set2_phase2,blend_w0.5,7.60429001,-1.7977869414931205,True,4.519225836563974
OADMET-0006215,set2_phase2,docking_only,7.73242044,,False,4.850972566794086
OADMET-0006214,set2_phase2,docking_only,7.11051035,,False,4.350299583536158
OADMET-0006213,set1_phase1,blend_w0.5,7.36301661,-3.557809711915329,True,4.376255491998
OADMET-0006212,set2_phase2,docking_only,7.9152236,,False,4.998139504487886
OADMET-0006211,set2_phase2,blend_w0.5,7.43189669,0.7555419293547683,True,4.516350248672406
OADMET-0006210,set1_phase1,docking_only,7.79288149,,False,4.89964714976219
OADMET-0006209,set1_phase1,blend_w0.5,6.92352676,-2.128249707728207,True,4.236590278835772
OADMET-0006208,set1_phase1,docking_only,7.59951591,,False,4.743976863406168
OADMET-0006207,set2_phase2,docking_only,7.75228643,,False,4.866965818292339
OADMET-0006206,set1_phase1,docking_only,7.65966177,,False,4.792397700503077
OADMET-0006205,set2_phase2,blend_w0.5,7.91599131,7.801845349442221,True,4.894777702777356
OADMET-0006204,set1_phase1,docking_only,7.71279383,,False,4.835172029806593
OADMET-0006203,set1_phase1,blend_w0.5,8.13014984,11.506009863311473,True,5.077481028119021
OADMET-0006202,set1_phase1,blend_w0.5,7.68990088,5.375601477878804,True,4.740562986542976
OADMET-0006201,set1_phase1,docking_only,7.32422781,,False,4.522354290467359
OADMET-0006200,set1_phase1,docking_only,7.836905,,False,4.9350885784181955
OADMET-0006199,set2_phase2,blend_w0.5,7.93185806,5.422405370809352,True,4.839176934010084
OADMET-0006198,set2_phase2,blend_w0.5,8.11387348,4.3180395396769775,True,4.8836731114743355
OADMET-0006197,set2_phase2,docking_only,7.24641991,,False,4.459714506935249
OADMET-0006196,set1_phase1,blend_w0.5,7.72925186,7.277781118768161,True,4.8059571927458
OADMET-0006195,set2_phase2,blend_w0.5,8.79484558,5.680256349693599,True,5.193271306944478
OADMET-0006194,set2_phase2,docking_only,7.81869507,,False,4.920428549380851
OADMET-0006193,set2_phase2,blend_w0.5,7.76211309,7.488498444489641,True,4.82467423956896
OADMET-0006192,set1_phase1,blend_w0.5,7.9981842,3.74354597890046,True,4.8221385634216904
OADMET-0006191,set1_phase1,blend_w0.5,7.4378562,4.712567717773908,True,4.621834923169667
OADMET-0006190,set2_phase2,docking_only,7.47901678,,False,4.646968212369353
OADMET-0006189,set2_phase2,blend_w0.5,8.38195705,3.224076692390981,True,4.96308517777352
OADMET-0006188,set2_phase2,docking_only,7.51566648,,False,4.676473304712376
OADMET-0006187,set2_phase2,docking_only,7.48933172,,False,4.655272325560258
OADMET-0006186,set1_phase1,blend_w0.5,7.6199913,6.771501013710775,True,4.7487874388064055
OADMET-0006185,set1_phase1,docking_only,7.52191544,,False,4.681504072818196
OADMET-0006184,set2_phase2,blend_w0.5,7.48676491,5.875973373883693,True,4.671830339245017
OADMET-0006183,set1_phase1,blend_w0.5,7.1900692,3.366002034757194,True,4.487013778297939
OADMET-0006182,set1_phase1,docking_only,7.509552,,False,4.671550800652874
OADMET-0006181,set2_phase2,docking_only,7.61880827,,False,4.759508310138743
OADMET-0006180,set1_phase1,blend_w0.5,7.57718277,5.377560040870501,True,4.695241765962278
OADMET-0006179,set2_phase2,blend_w0.5,7.62610245,5.941337010035152,True,4.729620470296467
OADMET-0006178,set2_phase2,docking_only,6.98556948,,False,4.249715079249146
OADMET-0006177,set2_phase2,blend_w0.5,7.33245897,6.511821472122795,True,4.626282503076925
OADMET-0006176,set1_phase1,docking_only,7.57023096,,False,4.720400813560991
OADMET-0006175,set2_phase2,docking_only,7.79677057,,False,4.902778080289027
OADMET-0006174,set2_phase2,blend_w0.5,7.6897068,9.947680893782564,True,4.8595936338867345
OADMET-0006173,set2_phase2,blend_w0.5,7.4023633,7.190484910331441,True,4.67210107144334
OADMET-0006172,set2_phase2,blend_w0.5,6.87087631,3.4823467326114668,True,4.361560500312603
OADMET-0006171,set2_phase2,docking_only,6.99283457,,False,4.255563889780484
OADMET-0006170,set1_phase1,blend_w0.5,7.46523523,2.492040253837404,True,4.575008057458188
OADMET-0006169,set2_phase2,docking_only,7.05079651,,False,4.302226547103212
OADMET-0006168,set2_phase2,docking_only,7.37367201,,False,4.562159682785083
OADMET-0006167,set2_phase2,blend_w0.5,8.46786022,6.933558777396009,True,5.094300604342589
OADMET-0006166,set2_phase2,docking_only,7.31683683,,False,4.516404131328118
OADMET-0006165,set2_phase2,blend_w0.5,7.52232742,2.239737928268156,True,4.591416474748721
OADMET-0006164,set2_phase2,docking_only,7.55213165,,False,4.705829839913321
OADMET-0006163,set2_phase2,docking_only,7.18396711,,False,4.409436451969441
OADMET-0006162,set2_phase2,blend_w0.5,7.59852171,0.6594900348495827,True,4.5809192762081015
OADMET-0006161,set1_phase1,blend_w0.5,7.84058046,6.575279514521756,True,4.832469014974443
OADMET-0006160,set1_phase1,blend_w0.5,7.19960022,6.956779942148145,True,4.584394841059833
OADMET-0006158,set1_phase1,blend_w0.5,7.50463629,5.981893785991489,True,4.681783445846407
OADMET-0006157,set2_phase2,blend_w0.5,7.70598984,6.83954252067631,True,4.785176868081189
OADMET-0006156,set2_phase2,blend_w0.5,8.22011662,6.255416832971742,True,4.976910259582674
OADMET-0006155,set1_phase1,blend_w0.5,7.37409925,3.171644658076457,True,4.556027836223812
OADMET-0006153,set2_phase2,docking_only,7.60306787,,False,4.746836393164903
OADMET-0006152,set2_phase2,blend_w0.5,7.70015717,4.688230197889703,True,4.726784495729868
OADMET-0006151,set1_phase1,blend_w0.5,7.59345102,0.4492400689654365,True,4.573400887145095
OADMET-0006150,set1_phase1,blend_w0.5,7.3382802,1.1923453067597736,True,4.490046260885783
OADMET-0006149,set1_phase1,docking_only,7.03213263,,False,4.287201062505
OADMET-0006148,set1_phase1,blend_w0.5,7.79892731,4.163221621275763,True,4.752865111009532
OADMET-0006147,set2_phase2,blend_w0.5,7.44641256,9.228673515322283,True,4.742929683928446
OADMET-0006146,set1_phase1,blend_w0.5,7.76932383,7.316792316667576,True,4.82310359364903
OADMET-0006145,set2_phase2,blend_w0.5,7.62927198,3.529621411715439,True,4.6680678865439305
OADMET-0006144,set2_phase2,blend_w0.5,7.96473646,2.86222389480881,True,4.785715280795834
OADMET-0006142,set2_phase2,docking_only,8.0591383,,False,5.11399902074637
OADMET-0006141,set1_phase1,blend_w0.5,7.47127676,3.9882672454130335,True,4.616418654831161
OADMET-0006140,set1_phase1,docking_only,7.19526911,,False,4.418535204582993
OADMET-0006139,set1_phase1,docking_only,7.21027136,,False,4.430612868836809
OADMET-0006138,set2_phase2,docking_only,7.70369339,,False,4.8278456581702045
OADMET-0006137,set2_phase2,blend_w0.5,8.22346973,8.090480842748635,True,5.026065847966092
OADMET-0006136,set2_phase2,blend_w0.5,7.4351182,-0.0736086597416116,True,4.49604651871448
OADMET-0006135,set1_phase1,blend_w0.5,7.30548477,6.822940361825651,True,4.623529682975928
OADMET-0006134,set1_phase1,docking_only,7.54628754,,False,4.701124999076621
OADMET-0006133,set2_phase2,blend_w0.5,7.82536936,3.820969515074004,True,4.754592663770969
OADMET-0006132,set1_phase1,blend_w0.5,7.3607049,-1.1802638546800257,True,4.437263205334119
OADMET-0006131,set1_phase1,docking_only,7.33573961,,False,4.5316219440098
OADMET-0006130,set2_phase2,blend_w0.5,6.9958272,11.671485109181734,True,4.625194768613879
OADMET-0006129,set1_phase1,blend_w0.5,7.4653306,6.412371236675174,True,4.677176300239358
OADMET-0006128,set1_phase1,blend_w0.5,7.10446596,0.6490270126357274,True,4.381775215534053
OADMET-0006127,set2_phase2,docking_only,7.33067322,,False,4.5275432119930095
OADMET-0006126,set2_phase2,docking_only,7.56802225,,False,4.718622676427291
OADMET-0006125,set1_phase1,blend_w0.5,7.36942911,5.212194410477373,True,4.607307016196437
OADMET-0006124,set2_phase2,blend_w0.5,8.06364155,7.265894610677041,True,4.940248890003008
OADMET-0006123,set1_phase1,blend_w0.5,7.51860237,4.990608236866013,True,4.661580878700887
OADMET-0006122,set2_phase2,docking_only,7.4507699,,False,4.624227867897165
OADMET-0006121,set1_phase1,blend_w0.5,7.93459368,3.026878045805722,True,4.777871415269393
OADMET-0006120,set1_phase1,docking_only,7.45035315,,False,4.62389236045143
OADMET-0006119,set1_phase1,blend_w0.5,7.43831444,2.6754294505770506,True,4.568949207448182
OADMET-0006118,set2_phase2,docking_only,7.77011633,,False,4.881319901571791
OADMET-0006117,set1_phase1,docking_only,7.32023859,,False,4.519142741546723
OADMET-0006116,set1_phase1,blend_w0.5,6.88594103,9.474683935049226,True,4.52373285907438
OADMET-0006115,set1_phase1,blend_w0.5,7.61653709,3.9191652815855567,True,4.673089868918769
OADMET-0006114,set2_phase2,docking_only,7.41508102,,False,4.595496290284823
OADMET-0006113,set1_phase1,docking_only,7.18321609,,False,4.408831838167652
OADMET-0006112,set2_phase2,docking_only,8.21934986,,False,5.242978435918113
OADMET-0006111,set1_phase1,blend_w0.5,8.0799818,3.755671679785728,True,4.855380313551086
OADMET-0006110,set2_phase2,docking_only,7.53939581,,False,4.695576764573932
OADMET-0006109,set2_phase2,docking_only,6.9525485,,False,4.223131312829308
OADMET-0006108,set1_phase1,blend_w0.5,7.64831924,3.191291334720539,True,4.6669210001970765
OADMET-0006107,set2_phase2,docking_only,7.25326204,,False,4.465222810617762
OADMET-0006106,set2_phase2,docking_only,7.76889944,,False,4.880340235931381
OADMET-0006105,set1_phase1,docking_only,8.00872707,,False,5.073415114294875
OADMET-0006104,set2_phase2,blend_w0.5,7.76677275,1.7163878644688673,True,4.676178701903989
OADMET-0006103,set1_phase1,blend_w0.5,7.63237047,3.831591086495477,True,4.677181829852297
OADMET-0006102,set1_phase1,blend_w0.5,7.65603781,7.06132515800734,True,4.770847489573626
OADMET-0006101,set2_phase2,docking_only,7.91873884,,False,5.000969472558781
OADMET-0006100,set1_phase1,docking_only,7.48647547,,False,4.652972881908475
OADMET-0006099,set2_phase2,blend_w0.5,7.59882593,1.4735193069470882,True,4.602248282238019
OADMET-0006098,set2_phase2,blend_w0.5,7.65270662,-1.0266820031888688,True,4.558803211189158
OADMET-0006097,set2_phase2,docking_only,8.26491547,,False,5.279661342755446
OADMET-0006096,set1_phase1,blend_w0.5,7.09950209,1.6802622408383383,True,4.406642170581549
OADMET-0006095,set2_phase2,blend_w0.5,7.98937607,3.501309793865524,True,4.81228246481292
OADMET-0006094,set1_phase1,blend_w0.5,7.51823568,7.42747261508905,True,4.724916844512544
OADMET-0006093,set2_phase2,docking_only,8.01612759,,False,5.079372953676543
OADMET-0006092,set1_phase1,docking_only,7.59565115,,False,4.740865511862127
OADMET-0006091,set1_phase1,blend_w0.5,7.86535645,7.448443648940336,True,4.86518914621894
OADMET-0006090,set2_phase2,docking_only,7.51553774,,False,4.676369661692426
OADMET-0004676,set1_phase1,docking_only,6.98373985,,False,4.248242123069325
OADMET-0004675,set1_phase1,docking_only,6.81145287,,False,4.1095413082086125
OADMET-0004674,set1_phase1,docking_only,6.79628134,,False,4.097327363929807
