pdb_id,ligand_resname,center_x,center_y,center_z,size_x,size_y,size_z
1m13,HYF,10.495,76.095,-1.274,25.0,25.0,25.0
1nrl,SRL,11.637,32.299,24.135,25.0,25.0,25.0
1skx,RFP,11.906,76.577,-1.7,25.0,25.0,25.0
2o9i,444,11.948,33.349,23.51,25.0,25.0,25.0
2qnv,CDZ,11.989,15.205,22.122,25.0,25.0,25.0
3hvl,SRL,11.855,32.389,23.75,25.0,25.0,25.0
3r8d,PNU,-15.923,-9.043,-23.306,25.0,25.0,25.0
4ny9,2Q4,15.681,-10.88,2.177,25.0,25.0,25.0
4s0t,40U,-40.37,-40.259,1.657,25.0,25.0,25.0
4x1f,3WF,11.224,79.149,0.334,25.0,25.0,25.0
4x1g,3WF,11.468,79.233,0.155,25.0,25.0,25.0
4xhd,40U,-10.782,15.404,-2.228,25.0,25.0,25.0
5a86,D7E,28.033,10.98,25.838,25.0,25.0,25.0
5x0r,4WH,32.181,13.984,24.087,25.0,25.0,25.0
6bns,XGH,28.788,-35.557,-31.477,25.0,25.0,25.0
6dup,HCJ,12.191,31.736,24.452,25.0,25.0,25.0
6hj2,P06,9.485,76.229,-0.792,25.0,25.0,25.0
6hty,GRH,52.169,36.859,13.476,25.0,25.0,25.0
6nx1,L7D,30.01,-32.952,-29.402,25.0,25.0,25.0
6p2b,NQD,12.399,32.859,23.969,25.0,25.0,25.0
6s41,KUB,29.812,12.268,23.982,25.0,25.0,25.0
6tfi,N6H,52.302,37.603,15.425,25.0,25.0,25.0
6xp9,QCG,-27.317,9.217,-24.547,25.0,25.0,25.0
7ax9,S6H,10.161,73.42,-2.805,25.0,25.0,25.0
7axa,CL6,11.252,73.441,-2.356,25.0,25.0,25.0
7axb,S68,10.266,73.792,-3.202,25.0,25.0,25.0
7axc,27H,11.82,73.83,-1.969,25.0,25.0,25.0
7axd,S6W,8.35,74.853,-2.116,25.0,25.0,25.0
7axe,S6Z,8.243,75.764,-1.769,25.0,25.0,25.0
7axf,S6T,9.824,74.402,-2.36,25.0,25.0,25.0
7axg,TBY,12.699,75.844,-3.642,25.0,25.0,25.0
7axh,27J,11.474,73.902,-4.763,25.0,25.0,25.0
7axi,EST,10.952,79.564,0.579,25.0,25.0,25.0
7axj,CL6,11.962,73.647,-2.526,25.0,25.0,25.0
7axk,EST,10.94,79.624,0.312,25.0,25.0,25.0
7axl,EST,11.063,78.974,0.333,25.0,25.0,25.0
7n2a,07F,-15.781,-10.975,-22.582,25.0,25.0,25.0
7rio,5YX,-14.788,-10.387,-22.623,25.0,25.0,25.0
7riu,5YU,-14.949,-10.207,-23.131,25.0,25.0,25.0
7riv,P06,-15.181,-9.398,-22.003,25.0,25.0,25.0
7yfk,G3L,-29.801,11.601,-23.924,25.0,25.0,25.0
8cct,UAI,11.286,-18.595,-2.576,25.0,25.0,25.0
8cf9,UK6,10.765,16.316,24.162,25.0,25.0,25.0
8ch8,ULC,8.984,-15.328,-1.918,25.0,25.0,25.0
8e3n,VA0,11.499,-15.257,-1.388,25.0,25.0,25.0
8eqz,WQB,12.322,33.261,23.358,25.0,25.0,25.0
8f5y,JQ1,-29.818,10.958,-21.04,25.0,25.0,25.0
8fpe,Y5B,12.45,75.153,-1.362,25.0,25.0,25.0
8r00,XFQ,9.756,73.465,-3.327,25.0,25.0,25.0
8r81,Y8B,9.397,75.55,-1.031,25.0,25.0,25.0
8r82,Y7Q,10.676,75.647,-1.378,25.0,25.0,25.0
8svo,WSO,30.768,12.754,23.629,25.0,25.0,25.0
8svp,WSX,11.196,31.233,23.95,25.0,25.0,25.0
8svq,WSX,11.433,31.854,23.344,25.0,25.0,25.0
8svr,WT1,51.189,35.89,12.53,25.0,25.0,25.0
8svs,WU2,10.799,31.361,24.544,25.0,25.0,25.0
8svt,WU6,-30.784,12.104,-22.989,25.0,25.0,25.0
8svx,WU6,-30.661,12.907,-24.158,25.0,25.0,25.0
8szv,X1D,9.105,75.674,-0.514,25.0,25.0,25.0
9beq,AP1,11.373,75.081,-2.229,25.0,25.0,25.0
9fzi,SRL,-30.882,11.996,-24.127,25.0,25.0,25.0
9fzj,SRL,10.035,75.874,-1.092,25.0,25.0,25.0
